ababa	1
abaca	1
abaco	1
abada	1
abadi	1
abads	1
abaja	1
abaje	1
abajo	7015
abala	1
abale	1
abalo	1
abana	1
abaña	1
abane	1
abañe	1
abano	1
abaño	1
abaos	1
abapo	1
abasi	1
abata	1
abate	59
abati	1
abato	1
abece	1
abeja	185
abese	1
abete	1
abeto	1
abiar	1
abias	1
abina	1
abine	1
abino	1
abiso	1
abita	1
abite	1
abito	1
aboba	1
abobe	1
abobo	1
aboca	1
aboco	1
abofa	1
abofe	1
abofo	1
aboga	1
abogo	1
aboli	1
abona	1
abone	1
abono	58
aboya	1
aboye	1
aboyo	1
abozo	1
abran	1275
abras	222
abren	212
abres	187
abria	1
abril	424
abrio	1
abrir	1831
abris	1
absit	1
abubo	1
abuce	1
abuje	1
abura	1
abure	1
aburo	1
abusa	1
abuse	1
abuso	219
abuza	1
abuzo	1
acaba	3804
acabe	769
acabo	3303
acala	1
acama	1
acame	1
acamo	1
acana	1
acara	1
acare	1
acari	1
acaro	1
acaso	2028
acata	1
acate	1
acato	1
accha	1
acebo	1
acece	1
aceda	1
acede	1
acedo	1
acema	1
aceña	1
acepa	1
acepe	1
acepo	1
acera	191
acere	1
acero	610
aceta	1
aceto	1
aceza	1
acezo	1
achao	1
achin	1
achis	1
acial	1
aciar	1
acida	1
acido	1
acije	1
acilo	1
acima	1
acimo	1
acion	1
acles	1
aclla	1
acnes	1
acoca	1
acoco	1
acoda	1
acode	1
acodo	1
acoge	1
acogi	1
acoja	1
acojo	1
acola	1
acole	1
acolo	1
acopa	1
acope	1
acopo	1
acora	1
acore	1
acoro	1
acosa	1
acose	1
acoso	192
acota	1
acote	1
acoto	1
acres	64
acroe	1
acroy	1
actas	1
actea	1
actor	914
actos	357
actua	51
actue	1
actuo	1
acuda	34
acude	1
acudi	1
acudo	1
acuea	1
acueo	1
acula	1
acule	1
aculo	1
acuna	1
acuña	36
acune	1
acuñe	1
acuno	1
acuño	1
acure	1
acusa	155
acuse	1
acuso	48
acuta	1
acuti	1
acuto	1
acuyo	1
adala	1
adama	77
adame	1
adamo	1
adans	1
adaza	1
adeje	1
adela	1
adema	1
ademe	1
ademo	1
adian	1
adiar	1
adias	1
adien	1
adies	1
adios	943
adiva	1
adive	1
admon	1
adoba	1
adobe	1
adobo	1
adora	285
adore	1
adoro	772
adosa	1
adose	1
adoso	1
adral	1
adran	1
adrar	1
adras	1
adren	1
adres	1
aduar	1
aduce	1
adufe	1
aduja	1
aduje	1
adujo	1
adula	1
adule	1
adulo	1
aduna	1
adune	1
aduno	1
adura	1
adure	1
aduri	1
aduro	1
adven	1
aedos	1
aerea	32
aereo	1
aetas	1
afaca	1
afama	1
afame	1
afamo	1
afana	1
afane	1
afano	1
afans	1
afata	1
afate	1
afato	1
afean	1
afear	1
afeas	1
afeen	1
afees	1
afiar	1
afija	1
afijo	1
afila	1
afile	1
afilo	1
afina	1
afine	1
afino	1
afins	1
aflui	1
afoca	1
afoco	1
afofa	1
afofe	1
afofo	1
afoga	1
afogo	1
afona	1
afono	1
afora	1
afore	1
aforo	1
afosa	1
afose	1
afoso	1
aftas	1
afufa	1
afufe	1
afufo	1
afuma	1
afume	1
afumo	1
agace	1
agami	1
agana	1
agane	1
agano	1
agape	1
agata	1
agave	1
agils	1
agita	51
agite	1
agito	1
agnus	1
agola	1
agole	1
agolo	1
agora	1
agore	1
agoro	1
agota	70
agote	1
agoto	1
agras	1
agraz	1
agria	1
agrie	1
agrio	1
agror	1
aguai	1
aguan	1
aguao	1
aguar	1
aguas	410
aguay	1
aguce	1
aguda	80
agudo	117
aguen	1
agues	1
aguin	1
aguio	1
aguja	400
aguti	1
aguza	1
aguzo	1
ahaja	1
ahaje	1
ahajo	1
ahija	1
ahije	1
ahijo	1
ahila	1
ahile	1
ahilo	1
ahina	1
ahita	1
ahite	1
ahito	1
ahoga	88
ahogo	71
ahome	1
ahora	69168
ahoya	1
ahoye	1
ahoyo	1
ahuac	1
ahuma	1
ahume	1
ahumo	1
ahusa	1
ahuse	1
ahuso	1
aillo	1
aillu	1
ainas	1
airan	1
airar	1
airas	1
airea	1
airee	1
airen	1
aireo	1
aires	199
airon	1
aisla	1
aisle	1
aislo	1
aitor	1
ajaba	1
ajada	1
ajado	1
ajais	1
ajaja	1
ajara	1
ajare	1
ajars	1
ajase	1
ajean	1
ajear	1
ajeas	1
ajebe	1
ajeen	1
ajees	1
ajeis	1
ajena	50
ajeno	50
ajeos	1
ajera	1
ajero	1
ajete	1
ajice	1
ajipa	1
ajiza	1
ajizo	1
ajobo	1
ajora	1
ajore	1
ajoro	1
ajota	1
ajote	1
ajoto	1
ajuar	1
ajuma	1
ajume	1
ajumo	1
ajuna	1
ajuno	1
alaba	1
alabe	1
alabo	1
alaco	1
alada	1
alado	1
alafa	1
alaga	1
alago	1
alaju	1
alala	1
alalo	1
alama	1
alamo	1
alana	1
alano	1
alaui	1
alava	1
alazo	1
alban	1
albar	1
albas	1
albea	1
albee	1
albeo	1
albin	33
albor	1
albos	1
album	47
albur	1
alcas	1
alcea	1
alcen	36
alces	1
alcor	1
alcoy	1
aldea	691
alean	1
alear	1
aleas	1
alece	1
aleda	1
aleen	1
alees	1
alega	1
alego	1
aleja	164
aleje	89
alejo	1
alela	1
alele	1
aleli	1
alelo	1
alema	1
alero	1
aleta	77
aleto	1
aleve	1
aleya	1
alezo	1
alfan	1
alfar	1
alfas	1
alfaz	1
alfen	1
alfes	1
alfil	70
alfiz	1
alfoz	1
algar	1
algas	78
algol	1
algun	785
alhoz	1
alhue	1
alian	1
aliar	1
alias	157
alica	1
alico	1
alien	54
alier	1
alies	1
alifa	1
aliga	1
aligo	1
alija	1
alije	1
alijo	1
alimo	1
aliña	1
aliñe	1
aliño	1
alioj	1
alisa	1
alise	1
aliso	1
aljez	1
aljor	1
allen	182
almas	715
almea	1
almez	1
almos	1
almud	1
aloba	1
alobe	1
alobo	1
aloca	1
aloco	1
aloes	1
aloja	37
aloje	1
alojo	1
alola	1
alole	1
alolo	1
aloma	1
alome	1
alomo	1
alona	1
alons	1
alora	1
alosa	1
alota	1
alote	1
aloto	1
aloya	1
alpes	75
altar	154
altas	329
altea	1
altee	1
alteo	1
altor	1
altos	382
aluce	1
aluda	1
alude	1
aludi	1
aludo	1
aluds	1
alula	1
aluna	1
alune	1
aluno	1
aluza	1
aluzo	1
alveo	1
alzan	1
alzar	32
alzas	1
amaba	754
amada	251
amado	526
amaga	1
amago	1
amais	1
amala	1
amale	1
amalo	1
amame	1
amana	1
amaña	1
amane	1
amañe	1
amano	1
amaño	1
amaos	1
amara	33
amare	1
amaro	1
amaru	1
amasa	1
amase	1
amaso	1
amata	1
amate	1
amato	1
ambar	1
ambas	725
ambla	1
amble	1
amblo	1
ambon	1
ambos	2443
ameba	1
ameca	1
ameis	1
amela	1
amele	1
amelo	1
ameme	1
amena	1
ameno	1
amens	1
ameos	1
amera	1
amere	1
amero	1
amias	1
amiba	1
amibo	1
amida	1
amiga	2986
amigo	18582
amina	1
amine	1
amino	1
amiri	1
amish	1
amito	1
amole	1
amolo	1
amomo	1
amona	1
amone	1
amono	1
amors	1
amovi	1
ampay	1
ampla	1
amplo	1
ampon	1
ampra	1
ampre	1
ampro	1
amuga	1
amugo	1
amula	1
amule	1
amulo	1
amura	1
amure	1
amuro	1
amuso	1
anabi	1
anaco	1
añada	1
anade	1
añade	54
añadi	1
añado	1
anafe	1
anals	1
anamu	1
anana	1
anata	1
anaya	1
ancas	1
ancha	68
anche	1
ancho	138
ancla	81
ancle	1
anclo	1
ancon	1
ancua	1
ancud	1
andad	1
andan	312
andar	1027
andas	456
andel	1
anden	92
andes	83
andon	1
anean	1
anear	1
aneas	1
añeda	1
añede	1
añedi	1
añedo	1
aneen	1
anees	1
anega	1
anego	1
aneja	1
añeja	1
aneje	1
añeje	1
anejo	1
añejo	1
añera	1
añero	1
aneto	1
anexa	1
anexe	1
anexo	52
angel	239
angla	1
anglo	1
angol	1
angor	1
angra	1
anida	1
añida	1
anide	1
añide	1
añidi	1
anido	1
añido	1
añila	1
añile	1
añilo	1
añils	1
anima	96
anime	48
animo	83
aniña	1
añina	1
aniñe	1
aniño	1
añino	1
anion	1
anisa	1
anise	1
aniso	1
aniss	1
anita	61
anito	1
anjeo	1
anodo	1
añoja	1
añojo	1
anola	1
anole	1
anolo	1
anona	1
anons	1
añora	1
añore	1
anori	1
añoro	1
añosa	1
añoso	1
anota	136
anote	48
anoto	1
ansar	1
ansas	1
ansia	1
ansie	1
ansio	1
antas	1
antes	26182
antia	1
anton	51
antro	93
anual	213
anuda	1
añuda	1
anude	1
añude	1
anudo	1
añudo	1
anula	33
anule	1
anulo	1
anuos	1
anura	1
anuro	1
aocar	1
aojan	1
aojar	1
aojas	1
aojen	1
aojes	1
aojos	1
aonia	1
aonio	1
aorta	115
aovan	1
aovar	1
aovas	1
aoven	1
aoves	1
apaga	558
apago	52
apale	1
apaña	1
apañe	1
apaño	1
apara	1
apare	1
aparo	1
apata	1
apaya	1
apaza	1
apean	1
apear	1
apeas	1
apeen	1
apees	1
apega	1
apego	1
apela	1
apele	1
apelo	1
apena	44
apene	1
apeno	1
apeos	1
apera	1
apere	1
apero	1
apese	1
apiay	1
apice	1
apila	1
apile	1
apilo	1
apiña	1
apiñe	1
apiño	1
apios	1
apipa	1
apipe	1
apipo	1
apiri	1
apita	1
apite	1
apito	1
aplao	1
apnea	1
apoca	1
apoce	1
apoco	1
apoda	1
apode	1
apodo	164
apola	1
apole	1
apolo	517
apone	1
aporo	1
aposa	1
apose	1
aposo	1
apoya	145
apoye	40
apoyo	1233
apoza	1
apozo	1
apres	1
aproa	1
aproe	1
aproo	1
aprox	1
aptar	1
aptos	1
apulo	1
apuna	1
apuña	1
apune	1
apuñe	1
apuno	1
apuño	1
apura	1
apure	34
apuro	226
apuse	1
apuso	1
aquea	1
aquel	1726
aqueo	1
aquia	1
araba	1
arabe	1
arabi	1
arabo	1
arada	1
arado	1
arais	1
arama	1
arana	1
araña	1362
arañe	1
arani	1
araño	1
arapa	1
arara	1
arare	1
arars	1
arasa	1
arase	1
araza	1
arbol	123
arbor	1
arcan	1
arcar	1
arcas	1
arcea	1
arcen	1
arces	1
archa	1
arche	1
archi	1
arcon	1
arcos	42
ardan	1
ardas	1
ardea	1
arden	67
arder	159
ardes	1
ardia	1
ardid	1
ardil	1
ardio	1
ardor	54
ardoz	1
ardua	1
arduo	1
areas	1
areca	1
areco	1
areis	1
arela	1
arele	1
arelo	1
arena	848
arene	1
areno	1
arepa	1
areta	1
arete	40
arfan	1
arfar	1
arfas	1
arfen	1
arfes	1
arfil	1
argan	1
argel	1
argen	1
argon	1
argos	1
argot	1
argue	1
arias	1
arica	1
arico	1
arida	1
arido	1
aries	66
arija	1
arije	1
arijo	1
arilo	1
arios	1
arlan	1
arlar	1
arlas	1
arlen	1
arles	1
armad	1
arman	1
armar	175
armas	5356
armen	1
armes	1
armon	1
armos	1
arnas	1
arnau	1
arnes	1
aroca	1
aroma	133
arome	1
aromo	1
arona	1
arosa	1
arpan	1
arpar	1
arpas	1
arpen	1
arpeo	1
arpes	1
arpia	1
arpon	1
arque	1
arras	1
arraz	1
arrea	1
arree	1
arreo	1
arres	1
arria	1
arrie	1
arrio	1
arroz	312
arrua	1
arrue	1
arrui	1
arruo	1
artal	1
artes	337
artos	1
aruba	1
arula	1
aruña	1
aruñe	1
aruño	1
arupo	1
arusi	1
arzon	1
asaba	1
asaca	1
asaco	1
asada	75
asado	174
asais	1
asana	1
asara	1
asare	1
asaro	1
asase	1
asazs	1
ascar	1
ascas	1
ascia	1
ascio	1
ascos	1
ascua	1
asean	1
asear	1
aseas	1
aseda	1
asede	1
asedo	1
aseen	1
asees	1
aseis	1
asela	1
asele	1
aselo	1
aseos	1
asesa	1
asese	1
asesi	1
aseso	1
asgan	1
asgas	1
asian	1
asias	1
asica	1
asico	1
asido	1
asila	1
asile	1
asilo	261
asina	1
asira	1
asire	1
asmar	1
asmas	1
asnal	1
asnas	1
asnos	1
asola	1
asole	1
asolo	1
asoma	43
asome	1
asomo	1
asone	1
asono	1
aspan	1
aspar	1
aspas	1
aspea	1
aspee	1
aspen	34
aspeo	1
aspes	1
aspic	1
aspid	1
aspro	1
astas	1
aster	1
astil	1
astro	38
astur	1
asuma	45
asume	52
asumi	1
asumo	259
asura	1
asure	1
asuro	1
asuso	1
ataba	1
atabe	1
ataca	391
ataco	40
atada	150
atado	247
atais	1
ataja	37
ataje	1
atajo	237
atala	1
atale	1
atalo	1
atame	1
ataña	1
atañe	1
ataño	1
ataos	1
atapa	1
atape	1
atapo	1
atara	1
atare	1
atase	1
atate	1
ataud	42
atear	1
atece	1
ateis	1
ateje	1
atela	1
atele	1
atelo	1
ateme	1
ateos	41
ateri	1
atesa	1
atese	1
ateso	1
ateta	1
atete	1
ateto	1
ateza	1
atezo	1
atiba	1
atibe	1
atibo	1
atica	1
atice	1
atico	1
atijo	1
atila	1
atina	1
atine	1
atino	1
atipa	1
atipe	1
atipo	1
atiza	1
atizo	1
atlas	43
atoan	1
atoar	1
atoas	1
atoba	1
atobe	1
atobo	1
atoen	1
atoes	1
atoja	1
atoje	1
atojo	1
atole	1
atols	1
atomo	1
atona	1
atono	1
atora	1
atore	1
atoro	1
atrae	273
atras	479
atril	1
atrio	34
atroz	112
atufa	1
atufe	1
atufo	1
atuns	1
atura	1
ature	1
aturo	1
atusa	1
atuse	1
atuso	1
atuve	1
atuvo	1
aucas	1
audaz	105
audio	124
auges	1
augur	1
aulas	1
aulla	1
aulle	1
aullo	1
aunan	1
aunar	1
aunas	1
aunen	1
aunes	1
aupan	1
aupar	1
aupas	1
aupen	1
aupes	1
auras	1
aurea	1
aureo	1
aures	1
auron	1
ausol	1
autan	1
autor	236
autos	1087
avada	1
avade	1
avado	1
avaha	1
avahe	1
avaho	1
avala	1
avale	1
avalo	1
avara	1
avaro	1
avati	1
avece	1
avena	59
avene	1
aveni	1
aveno	1
aveza	1
avezo	1
avian	1
aviar	1
avias	1
avica	1
avida	1
avido	1
avien	1
avies	1
avila	1
avine	1
avino	1
avion	205
avios	1
avisa	237
avise	136
aviso	808
aviva	1
avive	1
avivo	1
avoca	1
avoco	1
avugo	1
axial	1
axila	1
axons	1
axtla	1
ayaco	1
ayala	59
ayate	1
ayavi	1
ayean	1
ayear	1
ayeas	1
ayeen	1
ayees	1
ayers	1
ayora	1
ayote	1
aysen	1
ayuda	8913
ayude	1481
ayudo	590
ayuga	1
ayuna	1
ayune	1
ayuno	1
ayuso	1
azada	1
azaga	1
azago	1
azala	1
azara	1
azare	1
azaro	1
azcon	1
azeri	1
azima	1
azimo	1
azoan	1
azoar	1
azoas	1
azoca	1
azoco	1
azoen	1
azoes	1
azoga	1
azogo	1
azole	1
azolo	1
azora	1
azore	1
azoro	1
azors	1
azota	1
azote	41
azoto	1
azoyu	1
aztor	1
azuas	1
azuce	1
azuda	1
azuds	1
azula	1
azule	1
azulo	1
azuls	1
azurs	1
azuza	1
azuzo	1
babas	1
babea	1
babee	1
babel	1
babeo	1
babia	1
babis	1
bable	1
babor	194
bacan	1
bacas	1
bacca	1
bache	55
bacia	1
bacin	1
bacon	89
bacum	1
badal	1
badan	1
badea	1
badel	1
baden	1
badil	1
baena	1
bafle	1
bagan	1
bagar	1
bagas	1
bagre	1
bagua	1
bague	1
bahai	1
bahia	1
baida	1
baifa	1
baifo	1
baila	344
baile	2126
bailo	140
bajan	142
bajar	1610
bajas	503
bajea	1
bajee	1
bajel	1
bajen	553
bajeo	1
bajes	130
bajez	1
bajia	1
bajin	1
bajio	1
bajon	1
bajos	254
balaj	1
balan	1
balar	1
balas	1214
balay	1
balda	1
balde	94
baldo	1
balea	1
balee	1
balen	1
baleo	1
bales	1
balin	1
balon	1
balsa	136
balso	1
balta	1
balto	1
bamba	1
bambi	69
bambu	1
banal	1
bañan	1
bañar	56
banas	1
bañas	1
banca	122
bance	1
banco	2620
banda	1553
bando	160
bañen	1
bañes	1
bañil	1
banir	1
banjo	49
bañon	1
baños	297
banoy	1
bantu	1
banyo	1
banzo	1
baque	1
barba	337
barbe	1
barbo	1
barca	110
barco	3177
barda	1
barde	1
bardo	1
baria	1
baril	1
bario	1
barne	1
baron	64
baros	1
barra	501
barre	40
barri	1
barro	208
barza	1
basal	1
basan	59
basar	1
basas	1
basca	1
basen	1
bases	224
basis	1
basna	1
basta	5589
baste	1
basto	1
batan	1
batas	40
batea	38
batee	1
batel	1
baten	1
bateo	44
bates	123
batey	1
batia	1
batik	1
batin	1
batio	1
batir	59
batis	1
baton	1
batos	1
batua	1
baudo	1
baula	1
bauls	1
baura	1
baure	1
bausa	1
bauza	1
bayal	1
bayas	33
bayon	1
bayos	1
bayua	1
bazan	1
bazar	1
bazas	1
bazos	1
beata	1
beato	1
beban	125
bebas	99
beben	115
beber	1845
bebes	327
bebia	1
bebio	1
bebop	1
becan	1
becar	1
becas	45
bedel	1
befan	1
befar	1
befas	1
befen	1
befes	1
befos	1
befre	1
begum	1
beige	35
bejin	1
belde	1
beldo	1
belen	1
belez	1
belfa	1
belfo	1
belga	1
belio	1
bella	1380
bello	613
belua	1
bemba	1
bembe	1
bembo	1
bemol	1
benga	1
benin	1
beoda	1
beodo	1
beori	1
beque	1
berbi	1
berma	1
beron	1
berra	1
berre	1
berro	1
berta	1
berza	1
besan	51
besar	388
besas	129
besen	1
beses	45
besos	239
betas	1
betel	1
betun	1
beuda	1
beudo	1
bezar	1
bezon	1
biavo	1
biaza	1
bical	1
bicha	1
biche	1
bicho	237
bicis	1
bicos	1
bides	1
bidet	1
bidon	1
biela	1
biens	1
biess	1
bifaz	1
bigas	1
bijao	1
bijas	1
bijol	1
bilao	1
bilis	1
billa	1
bilma	1
bilme	1
bilmo	1
bimba	1
binan	1
binar	1
binas	1
binde	1
binea	1
binee	1
binen	1
bineo	1
bines	1
bingo	371
binza	1
bioma	1
biota	1
biper	1
birla	1
birle	1
birli	1
birlo	1
birra	1
bisan	1
bisar	1
bisas	1
bisau	1
bisel	1
bisen	1
bises	1
bison	1
biste	1
bitan	1
bitar	1
bitas	1
biten	1
biter	1
bites	1
bitor	1
biyin	1
bizca	1
bizco	1
bizma	1
bizme	1
bizmo	1
bizna	1
blava	1
blavo	1
bleda	1
bledo	154
bloca	1
bloco	1
blogs	1
blues	163
blusa	122
boato	1
bobal	1
bobea	1
bobee	1
bobeo	1
bobos	64
bocal	1
bocas	58
bocea	1
bocee	1
bocel	1
boceo	1
bocha	1
boche	1
bocho	1
bocin	1
bocio	1
bocon	1
bocoy	1
bodas	444
bodes	1
bodon	1
boedo	1
bofan	1
bofar	1
bofas	1
bofen	1
bofes	1
bofia	1
bofos	1
bogan	1
bogar	1
bogas	1
bogey	1
bogie	1
bogue	1
bohio	1
boils	1
boina	1
boira	1
boite	1
bojan	1
bojar	1
bojas	1
bojea	1
bojee	1
bojen	1
bojeo	1
bojes	1
bolar	1
bolas	704
boldo	1
bolea	1
bolee	1
boleo	1
bolin	1
bolla	1
bolle	1
bollo	47
bolon	1
bolos	169
bolsa	2037
bolso	771
bomba	1956
bombe	1
bombo	1
bonal	1
bonda	1
bonga	1
bongo	1
bonos	202
bonus	33
bonza	1
bonzo	1
boque	1
boqui	1
borax	1
borda	107
borde	486
bordo	1190
boreo	1
boria	1
borja	1
borla	1
borna	1
borne	1
borni	1
boros	1
borra	82
borre	1
borro	1
borto	1
bosar	1
bosco	1
boson	1
bossa	1
bosta	42
botan	91
botar	89
botas	701
botea	1
botee	1
boten	1
boteo	1
botes	246
botin	1
boton	73
botor	1
botos	1
botox	1
boxea	1
boxee	1
boxeo	306
boxer	44
boyal	1
boyan	1
boyar	1
boyas	1
boyen	1
boyes	1
bozal	1
bozas	1
bozon	1
bozos	1
braca	1
braco	1
braga	1
brama	1
brame	1
bramo	1
braña	1
brasa	1
brava	35
bravo	893
braza	1
brazo	2166
break	44
brean	1
brear	1
breas	1
breca	1
brece	1
breco	1
breen	1
brees	1
brega	1
brego	1
breña	1
brens	1
brent	45
brete	1
breva	1
breve	492
breza	1
brezo	1
brial	1
briba	1
brice	1
brida	1
briol	1
brion	1
brios	1
brisa	131
brise	1
briso	1
briza	1
brizo	1
broca	1
broce	1
broma	2292
brome	1
bromo	1
brota	1
brote	67
broto	1
brown	583
broza	1
brozo	1
bruce	1
brugo	1
bruja	865
bruje	1
bruji	1
brujo	123
bruma	1
brume	1
brumo	1
bruna	1
bruña	1
bruñe	1
bruñi	1
bruno	1
bruño	1
bruta	63
bruto	209
bruza	1
bruzo	1
buaro	1
bubas	1
bubon	1
bucal	42
bucea	1
bucee	1
bucen	1
buceo	126
buces	1
bucha	1
buche	1
bucio	1
bucle	1
bucos	1
budas	1
budin	1
buega	1
buena	15836
bueno	49997
buera	1
bueys	1
bufan	1
bufar	1
bufas	1
bufen	1
bufeo	1
bufes	1
bufet	1
bufia	1
bufon	1
bufos	1
bugle	1
buhio	1
buhos	1
buida	1
buido	1
bujeo	1
bujes	1
bujia	1
bular	1
bulas	1
bulbo	1
bulda	1
bulin	1
bulla	1
bulle	1
bulli	1
bullo	1
bulon	1
bulos	1
bulto	111
bunio	1
buque	134
burda	1
burdo	1
burel	1
bureo	1
burga	1
burgo	1
buril	1
burio	1
buris	1
burka	1
burla	173
burle	32
burlo	1
buroz	1
burra	1
burro	741
busca	2706
busco	1175
buses	1
busto	80
butan	1
buten	1
butia	1
buyos	1
buzan	1
buzar	1
buzas	1
buzon	1
buzos	48
bytes	1
cabal	1
cabas	1
caben	62
caber	1
cabes	1
cabia	1
cabio	1
cable	1048
cabos	81
cabra	408
cabre	1
cabro	1
cabus	1
cacan	1
cacao	32
cacas	1
cacea	1
cacee	1
cacen	1
caceo	1
caces	1
cacha	1
cache	1
cachi	1
cacho	1
cachu	1
cacle	1
cacos	1
cacra	1
cacto	1
cacuy	1
cadas	1
cadis	1
cadiz	1
caeis	1
caena	1
caera	1
caere	1
cafes	1
cafiz	1
cafre	1
cagan	37
cagar	277
cagas	45
cagon	1
cagua	1
cague	41
cagui	1
cahiz	1
caian	1
caias	1
caibe	1
caico	1
caida	62
caido	93
caiga	343
caigo	220
caima	1
caimo	1
caire	1
cairo	153
caite	1
cajas	738
cajay	1
cajea	1
cajee	1
cajel	1
cajeo	1
cajin	1
cajon	1
calan	1
calao	1
calar	1
calas	1
calca	1
calce	1
calco	1
calda	1
caldo	52
calen	1
caler	1
cales	1
calia	1
calio	1
caliz	1
calla	552
calle	4223
callo	84
calma	2616
calme	164
calmo	63
calon	1
calor	1628
calos	1
calpe	1
calta	1
calva	39
calve	1
calvo	204
calza	32
calzo	1
camal	1
camao	1
camas	308
camba	1
cambe	1
cambo	1
cameo	1
camio	1
camon	1
campa	1
campe	1
campo	3649
canal	1078
cañal	1
cañan	1
cañar	1
canas	38
cañas	1
canda	1
cande	1
candi	1
cando	1
canea	1
cañea	1
canee	1
cañee	1
cañen	1
caneo	1
cañeo	1
cañes	1
caney	1
canez	1
canga	1
cango	1
cania	1
canil	1
canis	1
canje	1
canoa	53
canon	1
cañon	51
canos	1
caños	1
cansa	89
canse	37
canso	52
canta	584
cante	99
canto	268
cantu	1
caoba	1
caobo	1
capan	1
capar	1
capas	149
capaz	1851
capea	1
capee	1
capel	1
capen	1
capeo	1
capes	1
capia	1
capin	1
capio	1
capon	1
capos	1
cappa	1
capri	1
capta	44
capte	1
capto	45
capuz	1
caqui	1
carao	1
caras	678
carau	1
caray	1309
caraz	1
carba	1
carbo	1
carca	1
carda	1
carde	1
cardo	1
carea	1
caree	1
carel	1
careo	1
carey	1
carga	1557
cargo	2151
caria	1
carie	1
cario	1
caris	1
cariz	1
carla	432
carlo	255
carme	1
carne	2519
caron	1
caros	153
carpa	112
carpe	33
carpi	1
carpo	1
carra	1
carro	1326
carst	1
carta	2458
carvi	1
casal	1
casan	86
casar	669
casas	1271
casba	1
casca	1
casco	604
casea	1
casen	1
caseo	1
caser	1
cases	91
casia	1
casio	1
casis	1
casma	1
cason	1
casos	845
caspa	1
casta	37
casto	1
catac	1
catan	1
catar	1
catas	1
catch	33
catea	1
catee	1
caten	1
cateo	1
cates	1
catey	1
catin	1
caton	1
catos	1
catre	59
catru	1
cauba	1
cauca	1
cauce	1
cauda	1
cauje	1
caula	1
cauno	1
cauri	1
cauro	1
causa	2222
cause	69
causo	68
cauta	1
cauto	1
cauza	1
cavan	1
cavar	205
cavas	1
cavea	1
caven	38
caves	1
cavia	1
cavio	1
cavon	1
cavos	1
cayan	1
cayma	1
cayna	1
cayos	1
cazan	50
cazar	444
cazas	247
cazon	1
cazos	1
cazuz	1
ccapi	1
ceaja	1
ceajo	1
ceban	1
cebar	1
cebas	1
ceben	1
cebes	1
cebil	1
cebon	1
cebos	1
cebra	47
cebro	1
cebti	1
cecal	1
cecas	1
cecea	1
cecee	1
ceceo	1
cedan	1
cedas	1
ceden	1
ceder	101
cedes	1
cedia	1
cedio	1
cedro	1
cefea	1
cefee	1
cefeo	1
cefos	1
cegar	1
cegas	1
cegua	1
cegue	1
ceiba	1
ceibo	1
cejan	1
cejar	1
cejas	95
cejen	1
cejes	1
celan	1
celar	1
celas	1
celda	755
celen	1
celes	1
celfo	1
celia	127
cella	1
cello	1
celos	311
celta	1
cembo	1
cenal	1
cenan	1
ceñan	1
cenar	2078
ceñar	1
cenas	92
ceñas	1
cenca	1
cenco	1
cenen	1
ceñen	1
cenes	1
ceñes	1
cenia	1
ceñia	1
ceñir	1
ceñis	1
cenit	1
ceños	1
censa	1
cense	1
censo	40
cents	1
cepas	1
cepos	1
cepti	1
cequi	1
ceral	1
ceras	1
cerca	7555
cerco	31
cerda	104
cerdo	1180
cerea	1
cereo	1
ceres	1
cerio	1
cerna	1
cerne	1
cerni	1
cerno	1
ceron	1
ceros	61
cerpa	1
cerra	1
cerre	1
cerri	1
cerro	67
cesan	1
cesar	171
cesas	1
cesen	1
ceses	1
cesio	1
cesta	106
cesto	60
cetil	1
cetis	1
cetme	1
cetra	1
cetre	1
cetro	80
ceuta	1
ceuti	1
chaca	1
chace	1
chaco	1
chafa	1
chafe	1
chafo	1
chaja	1
chala	1
chale	1
chalo	1
chals	1
chama	1
chame	1
chami	1
chamo	1
chana	1
chane	1
chano	1
chapa	63
chape	1
chapo	1
charo	1
chata	1
chato	1
chats	1
chaul	1
chaux	1
chauz	1
chava	1
chave	1
chavo	1
chaya	1
chaye	1
chayo	1
chaza	1
chazo	1
checa	35
checo	1
chefs	1
cheje	1
chela	1
chele	1
cheli	1
chelo	1
chepa	1
chepe	1
chepo	1
chera	1
chero	1
chesa	1
cheso	1
cheta	1
chete	1
cheto	1
cheva	1
cheve	1
chiar	1
chias	1
chica	10488
chico	9185
chics	1
chicu	1
chida	1
chido	1
chien	1
chifa	1
chila	1
chile	123
chili	52
chima	1
chime	1
chimi	1
chimo	1
chimu	1
china	1164
chine	1
chino	850
chinu	1
chipa	1
chipe	1
chips	103
chira	1
chire	1
chiri	1
chisa	1
chist	1
chita	1
chite	1
chito	1
chiva	1
chive	1
chivo	106
chiza	1
choba	1
choca	172
choco	32
choel	1
chofe	1
choix	1
chola	1
cholo	1
chona	1
choni	1
chono	1
chopa	1
chope	1
chopo	1
chops	1
chora	1
chore	1
chori	1
choro	1
chota	1
chote	1
choto	1
chova	1
choya	1
choye	1
choyo	1
choza	108
chozo	1
chuca	1
chuce	1
chuco	1
chufa	1
chufe	1
chufo	1
chula	1
chule	1
chulo	114
chuna	1
chuña	1
chuño	1
chupa	157
chupe	64
chupi	1
chupo	37
chura	1
churo	1
churu	1
chuta	1
chute	1
chuto	1
chuts	1
chuva	1
chuya	1
chuyo	1
chuza	1
chuzo	1
ciaba	1
ciado	1
ciais	1
ciani	1
ciara	1
ciare	1
ciase	35
ciato	1
cibal	1
cicca	1
cicla	1
cicle	1
ciclo	160
cidra	1
cidro	1
cieca	1
ciega	395
ciego	781
cieis	1
cielo	4307
ciemo	1
cieno	1
ciens	1
cieza	1
cifra	137
cifre	1
cifro	1
cigua	1
cilio	1
cilla	1
cimar	1
cimas	1
cimba	1
cimia	1
cimpa	1
ciñan	1
ciñas	1
cinca	1
cinco	6527
ciñen	1
cines	37
ciñes	1
cinia	1
cinta	1467
cinte	1
cinto	52
cipos	1
circa	1
circe	1
circo	574
cirio	1
cirro	1
cisca	1
cisco	1
cisma	1
cisme	1
cismo	1
cisne	32
cista	1
citan	1
citar	61
citas	430
citen	1
cites	1
citra	1
civil	540
claco	1
clacs	1
clama	1
clame	1
clamo	1
clans	1
clapa	1
clara	510
claro	19178
clase	6381
clava	39
clave	1091
clavo	176
clema	1
clero	47
clica	1
clics	1
clima	772
clips	1
clisa	1
clise	1
cliso	1
cliza	1
cloco	1
clona	1
clone	1
clono	1
clons	1
clora	1
clore	1
cloro	47
clota	1
clote	1
clown	1
clube	1
clubs	50
coach	1
coana	1
coasa	1
coata	1
coati	1
cobas	1
cobea	1
cobez	1
cobil	1
cobla	1
cobos	1
cobra	461
cobre	132
cobro	149
cocal	1
cocan	1
cocar	1
cocas	1
cocea	1
cocee	1
coceo	1
cocer	1
coces	1
cocha	1
coche	4384
cochi	1
cocho	1
cocia	1
cocio	1
cocoa	1
cocol	1
cocos	42
cocui	1
cocuy	1
codal	1
codas	1
codea	1
codee	1
codeo	1
codex	1
codez	1
codin	1
codon	1
codos	68
coeva	1
coevo	1
cofan	1
cofas	1
cofia	1
cofin	1
cofre	209
cogen	83
coger	1015
coges	144
cogia	1
cogio	1
cogon	1
cogua	1
coima	1
coime	1
coine	1
coipa	1
coipo	1
coita	1
coito	1
cojal	1
cojan	95
cojas	50
cojea	1
cojee	1
cojeo	1
cojin	1
cojon	1
cojos	1
colan	1
colar	1
colas	69
colca	1
colea	1
colee	1
colen	1
coleo	1
coles	1
coley	1
colgo	1
colin	169
colla	1
colma	1
colme	1
colmo	95
colon	85
color	1727
colpa	1
colpe	1
colta	1
colza	1
comal	1
coman	228
comas	221
comba	1
combe	1
combi	1
combo	1
comen	500
comer	5908
comes	395
comia	1
comic	1
comio	1
comis	1
compa	1
compi	1
comta	1
comto	1
comun	69
coñac	136
conca	1
conde	757
coñea	1
coñee	1
coñeo	1
conga	1
congo	63
conil	1
coñon	1
conos	1
coños	32
conta	1
conte	39
conto	42
coona	1
coord	1
copal	1
copan	1
copar	1
copas	326
copea	1
copec	1
copee	1
copen	1
copeo	1
coper	1
copes	1
copey	1
copia	856
copie	1
copin	1
copio	65
copla	1
copon	1
copos	31
copra	1
copta	1
copto	1
coque	1
coqui	1
coral	85
coran	1
corar	1
coras	1
corbe	1
corca	1
corco	1
corda	1
corea	399
coree	1
coren	1
coreo	1
cores	1
coria	1
corio	1
coris	1
corla	1
corle	1
corlo	1
corma	1
corno	1
coros	1
corpa	1
corps	1
corra	208
corre	2874
corri	1
corro	106
corsa	1
corse	1
corso	39
corta	1007
corte	2131
corto	1053
corua	1
corva	1
corve	1
corvo	1
corza	1
corzo	1
cosan	1
cosas	26385
cosca	1
cosco	1
cosen	1
coser	123
coses	1
cosia	1
cosio	1
cosme	1
cosos	1
cospe	1
costa	1371
coste	42
costo	313
cotan	1
cotar	1
cotas	1
coten	1
cotes	1
cotin	1
coton	1
cotos	1
cotua	1
covan	1
covar	1
covas	1
coven	1
coves	1
covid	1
coxal	1
coxas	1
coxis	1
coyan	1
coyol	1
crack	218
cracs	1
crasa	1
crash	42
craso	90
cravo	1
craza	1
crean	286
crear	920
creas	816
crece	268
creci	33
credo	57
creen	2590
creer	6161
crees	15900
creia	110
crema	577
creme	1
cremo	1
crepa	1
crepe	1
cresa	1
creso	1
creta	42
creyo	38
crian	1
criar	235
crias	1
criba	1
cribe	1
cribo	1
crica	1
crics	1
crida	1
crien	1
cries	1
crina	1
crine	1
crino	1
crins	1
crios	1
croan	1
croar	1
croas	1
croco	1
croen	1
croes	1
crols	1
croma	1
crome	1
cromo	1
crono	1
crons	1
cross	113
croto	1
croza	1
cruce	286
cruda	59
crudo	114
cruel	673
cruja	1
cruje	1
cruji	1
crujo	1
cruor	1
crups	1
cruza	229
cruzo	49
cruzs	1
cuaba	1
cuaco	1
cuada	1
cuado	1
cuaja	1
cuaje	1
cuajo	1
cuals	1
cuape	1
cuark	1
cuart	1
cuasi	1
cuata	1
cuate	1
cuati	1
cubas	1
cubil	1
cubos	67
cubra	72
cubre	344
cubri	1
cubro	102
cucan	1
cucar	1
cucas	1
cucha	1
cuche	1
cuchi	1
cucho	1
cucos	1
cucuy	1
cueca	1
cuece	1
cueco	1
cuela	1
cuele	1
cuelo	1
cuera	1
cuero	428
cuete	1
cueto	1
cueva	554
cuevo	1
cueza	1
cuezo	1
cugat	1
cuiba	1
cuica	1
cuico	1
cuida	880
cuide	267
cuido	156
cuija	1
cuilo	1
cuina	1
cuino	1
cuiss	1
cuita	1
cuiva	1
cujas	1
cujin	1
cujon	1
cular	1
culas	1
culea	1
culee	1
culen	1
culeo	1
culin	1
culio	1
culle	1
culon	1
culos	166
culpa	5173
culpe	52
culpo	299
culta	35
culto	219
cumba	1
cumbe	1
cumbo	1
cumel	1
cumpa	1
cuñal	1
cunan	1
cuñan	1
cunar	1
cuñar	1
cunas	1
cuñas	1
cunco	1
cunda	41
cunde	1
cundi	1
cundo	1
cunea	1
cunee	1
cunen	1
cuñen	1
cuneo	1
cunes	1
cuñes	1
cuños	1
cuota	121
cupes	1
cuple	1
cupon	1
cupos	1
cuque	1
cuqui	1
cural	1
curan	1
curar	364
curas	107
curay	1
curca	1
curco	1
curda	1
curdo	1
curen	1
cures	1
curia	1
curie	1
curil	1
curio	1
curra	1
curre	1
curri	1
curro	1
curry	57
cursa	1
curse	1
cursi	51
curso	1080
curta	1
curte	1
curti	1
curto	1
curul	1
curva	180
curve	1
curvo	1
cusan	1
cusas	1
cusay	1
cusca	1
cusco	1
cuscu	1
cusen	1
cuses	1
cusia	1
cusio	1
cusir	1
cusis	1
cusma	1
cuspa	1
cusul	1
cuter	1
cutio	1
cutir	1
cutis	35
cutos	1
cutra	1
cutre	1
cuyas	67
cuyeo	1
cuyos	128
cuzco	1
cuzma	1
cuzul	1
daban	190
dabas	55
dable	1
dacha	1
dacia	1
dacio	1
dadas	136
dadme	85
dador	1
dados	229
dagas	105
dagua	1
dahir	1
daifa	1
daito	1
dajao	1
dalas	1
dales	260
dalgo	1
dalia	35
dalla	1
dalle	1
dallo	1
dalos	1
damas	1900
damil	1
damos	644
danae	1
dañan	1
dañar	200
dañas	1
dance	1
dandi	1
dando	1594
dañen	1
danes	1
dañes	1
dango	1
danna	1
danos	353
daños	697
danta	1
dante	121
danto	1
danza	225
danzo	1
daqui	1
daran	1
daras	1
dardo	65
dares	1
darga	1
daria	39
dario	1
darla	35
darle	2990
darlo	37
darme	1941
daros	56
darse	387
darte	1844
datan	1
datar	1
datas	1
datea	1
datee	1
datem	1
daten	1
dateo	1
dates	1
datil	1
datos	1160
dauco	1
dauda	1
david	2452
deban	61
debas	292
debda	1
debdo	1
deben	4235
deber	1347
debes	9268
debia	81
debil	64
debio	62
debla	1
debut	95
decae	1
decai	1
decia	183
decio	1
decir	27267
decis	1
decor	1
dedal	1
dedeo	1
dedil	1
dedos	1312
deesa	1
dejan	899
dejar	6976
dejas	1539
dejen	1521
dejes	2237
dejos	1
delas	1
delco	1
deles	1
delga	1
delia	38
delio	1
della	1
dello	1
delos	1
delta	354
demas	209
demos	296
deñar	1
dende	1
denia	1
denla	1
denle	331
denlo	1
denme	373
denos	84
densa	84
dense	189
denso	65
dente	1
dento	1
depon	1
depre	1
depto	208
deque	1
derbi	1
derek	363
desca	1
desda	1
desde	17891
desdi	1
desea	1466
desee	259
deseo	2532
deses	1
desga	1
desoi	1
desos	1
despi	1
desta	1
deste	1
desto	1
desus	1
detal	1
deten	39
deuda	555
deudo	1
deven	1
dezma	1
dezme	1
dezmo	1
diada	1
diado	1
dials	1
diana	334
diaño	1
dicaz	1
dicen	6511
dices	7077
dicha	182
dicho	9125
dicta	36
dicte	1
dicto	1
diego	292
diera	397
diere	1
diese	1
diesi	1
dieta	453
diete	1
dieto	1
diezs	1
digan	790
digas	4743
digna	88
digne	1
digno	387
dijes	1
dilas	1
diles	1015
dilos	1
dilui	1
diman	1
dimas	1
dimen	1
dimes	1
dimia	1
dimio	1
dimir	1
dimis	1
dimos	498
diñan	1
dinar	1
diñar	1
dinas	1
diñas	1
dinde	1
diñen	1
diñes	1
dinos	394
diodo	1
diosa	424
dioso	1
diple	1
dique	93
diran	32
diras	33
diria	102
disca	1
disco	839
dison	1
dista	1
diste	1354
disto	1
ditas	1
diuca	1
diuxi	1
divan	1
divas	1
divos	1
dobla	218
doble	1763
doblo	1
docas	1
doces	1
doche	1
docil	1
docta	1
docto	1
dogal	1
dogas	1
dogma	1
dogon	1
dogos	1
dogre	1
doima	1
dolar	45
dolas	1
doler	275
doles	1
dolia	1
dolio	1
dolor	3734
dolos	1
doman	1
domar	1
domas	1
dombo	1
domen	1
domes	1
donan	1
donar	79
donas	91
doñas	1
donde	22108
doñea	1
doñee	1
donen	1
doneo	1
doñeo	1
dones	83
donut	31
dopan	1
dopar	1
dopas	1
dopen	1
dopes	1
doral	1
doran	1
dorar	1
doras	1
doren	95
dores	1
doria	1
dorio	1
doris	222
dormi	1
dorna	1
dorso	1
dorta	1
dosel	1
doses	1
dosis	517
dotal	1
dotan	1
dotar	1
dotas	1
doten	1
dotes	1
dotor	1
dovio	1
draba	1
draga	1
drago	118
drama	258
drena	1
drene	1
dreno	1
drils	1
drino	1
driza	1
droga	1148
drogo	1
drons	1
drope	1
drupa	1
drusa	1
druso	1
dseda	1
dseta	1
duals	1
dubas	1
dubda	1
dubio	1
ducal	1
ducas	1
ducha	726
duche	1
ducho	1
ducto	1
dudan	1
dudar	161
dudas	721
duden	1
dudes	79
duela	134
duele	2233
duelo	229
dueña	213
dueño	1311
duero	1
dueto	1
dujos	1
dular	1
dulas	1
dulce	2424
dulia	1
duman	1
dumas	1
dumen	1
dumes	1
dumia	1
dumio	1
dumir	1
dumis	1
dunas	44
dunda	1
dundo	1
dupdo	1
dupla	1
duplo	1
duque	176
duran	176
durar	257
duras	223
duren	32
dures	1
duros	347
eagle	66
ebano	1
ebria	71
ebrio	245
echan	133
echar	1061
echas	233
echen	176
eches	172
echos	1
ecija	1
ecuos	1
edads	1
edema	64
edens	1
edgar	208
edila	1
edils	1
edipo	1
edita	1
edite	1
edito	1
edran	1
edrar	1
edras	1
edren	1
edres	1
eduar	1
educa	1
educe	1
educo	1
eduje	1
edujo	1
edwar	1
efebo	1
efeta	1
efeto	1
eflui	1
efods	1
eforo	1
egena	1
egeno	1
egida	1
eguar	1
eibar	1
ejido	1
ejion	1
ejote	1
elami	1
elata	1
elato	1
elche	1
elder	1
elega	1
elegi	1
elego	1
elemi	1
elena	292
elepe	1
eleta	1
eleto	1
eleva	113
eleve	32
elevo	1
elfos	203
elias	76
elida	1
elide	1
elidi	1
elido	1
elige	369
elija	96
elije	1
elijo	150
elisa	104
elite	78
elkin	1
ellas	2923
elles	1
ellos	21719
elota	1
elote	1
eluda	1
elude	1
eludi	1
eludo	1
eluia	1
eluir	1
eluis	1
eluya	1
eluye	1
eluyo	1
emana	1
emane	1
emano	1
emaus	1
embai	1
emirs	1
emita	1
emite	53
emiti	1
emito	1
empos	1
empra	1
empre	1
empro	1
emula	1
emule	1
emulo	1
enana	56
enano	452
encia	1
eneal	1
eneas	1
eneja	1
eneje	1
enejo	1
enema	1
enero	294
enoja	129
enoje	64
enojo	223
enria	1
enrie	1
enrio	1
ensay	1
enteo	1
entes	1
entlo	1
entra	3227
entre	10385
entro	455
enula	1
enves	1
envia	1
envie	72
envio	79
enzas	1
eolia	1
eolio	1
epale	1
epata	1
epate	1
epato	1
epica	1
epico	1
epoca	70
epoda	1
epodo	1
epota	1
epoto	1
epoxi	1
equis	1
eraba	1
erado	1
erais	43
eraje	1
erala	1
erals	1
erara	1
erare	1
erase	1
erazo	1
erbio	1
ercer	1
erebo	1
ereis	1
ergio	1
ergui	1
erial	1
erias	1
erice	1
erige	1
erigi	1
erija	1
erijo	1
erina	1
eriza	1
erizo	1
ermar	1
eroga	1
erogo	1
erraj	1
erran	1
errar	1
erras	1
erren	1
erres	1
error	3501
eruta	1
erute	1
eruto	1
escas	1
escay	1
escoa	1
esmog	1
esmui	1
esnob	1
espay	1
espia	35
espie	1
espin	1
espio	1
esqui	1
estad	32
estan	2774
estar	24873
estas	18775
estay	1
esten	149
ester	45
estes	298
estil	1
estio	1
estol	1
estor	1
estos	11181
estoy	67269
estro	1
esula	1
etano	1
etapa	210
eters	1
ethos	1
etica	1
etico	1
etilo	1
etimo	1
etnea	1
etneo	1
etnia	1
etola	1
etolo	1
etusa	1
eubea	1
eubeo	1
euros	210
evada	1
evade	1
evadi	1
evado	1
evita	111
evite	62
evito	31
evoca	1
evoco	1
evohe	1
excmo	1
exida	1
exige	194
exigi	1
exija	1
exijo	160
exila	1
exile	1
exilo	1
exima	1
exime	1
eximi	1
eximo	1
exito	117
exodo	1
exora	1
exore	1
exoro	1
expia	1
expie	1
expio	1
expon	1
extra	918
exuda	1
exude	1
exudo	1
fabas	1
fabio	36
fabla	1
fabro	1
facas	1
facer	1
facha	1
fache	86
facho	1
facil	397
facon	1
facto	1
fados	1
faena	1
faene	1
faeno	1
fagos	1
fagot	1
fagua	1
faina	1
faino	1
fajan	1
fajar	1
fajas	1
fajea	1
fajee	1
fajen	1
fajeo	1
fajes	1
fajin	1
fajol	1
fajon	1
falan	1
falaz	1
falca	1
falce	1
falco	77
falda	239
falla	666
falle	91
fallo	366
falos	1
falsa	569
false	1
falso	702
falta	4507
falte	50
falto	40
falua	1
famas	1
fanal	1
fañan	1
fañar	1
fañas	1
fañen	1
fañes	1
fango	61
fanos	1
fante	1
faqui	1
farad	1
faras	1
farda	1
farde	1
fardo	1
faria	1
fario	1
faroe	1
farol	72
faron	1
faros	43
farpa	1
farra	1
farro	1
farsa	247
farsi	1
farte	1
fases	41
fasol	1
fasta	1
fasto	1
fatal	462
fator	1
fatos	1
fatua	1
fatum	1
fatuo	1
fauna	1
fauno	1
favor	36008
faxea	1
faxee	1
faxeo	1
febea	1
febeo	1
feble	1
fecal	40
fecha	790
feche	1
fecho	1
feeza	1
feliu	1
felix	234
feliz	7405
felon	1
felpa	1
felpe	1
felpo	1
felus	1
feman	1
femar	1
femas	1
femen	1
femes	1
femur	1
fenal	1
fenda	1
fendi	1
fenix	1
fenol	1
feral	1
feraz	1
feria	241
ferie	1
ferio	1
ferir	1
fermi	1
feroz	181
ferra	1
ferre	1
ferri	1
ferro	1
ferry	58
festa	1
fetal	54
feten	1
fetor	1
fetos	1
fetua	1
feuca	1
feuco	1
feuda	1
feude	1
feudo	1
feura	1
fiaba	1
fiaca	1
fiada	1
fiado	1
fiais	1
fiana	1
fiara	1
fiare	1
fiase	1
fibra	152
ficar	1
ficen	1
fices	1
ficha	166
fiche	1
ficho	1
ficta	1
ficto	1
ficus	84
fidel	47
fideo	1
fidos	1
fieis	1
fiels	1
fiemo	1
fiera	70
fiero	31
fifan	1
fifar	1
fifas	1
fifen	1
fifes	1
fifis	1
figle	1
figon	1
figos	1
fijan	1
fijar	89
fijas	96
fijen	1
fijes	1
fijon	1
fijos	1
filan	1
filar	1
filas	298
filen	1
files	1
filet	1
filfa	1
filia	1
filie	1
filin	1
filio	1
filis	1
fillo	1
filma	1
filme	170
filmo	1
films	40
filon	1
filos	1
final	5365
finan	1
finar	1
finas	48
finca	82
finco	1
finen	1
fines	346
finge	140
fingi	1
finia	1
finio	1
finir	1
finis	1
finja	37
finjo	45
finos	65
finta	1
finte	1
finto	1
fique	1
firma	978
firme	970
firmo	131
fisan	1
fisco	1
fisga	1
fisgo	1
fisio	1
fista	1
fisto	1
fitos	1
fizan	1
fizar	1
fizas	1
fizon	1
flaca	50
flaco	151
flama	1
flans	1
flaon	1
flash	251
flato	1
flava	1
flavo	1
fleco	1
fleja	1
fleje	1
flejo	1
flema	1
fleme	1
fleta	1
flete	1
fleto	1
flexo	1
flipa	1
flipe	1
flipo	1
floja	68
flojo	125
flora	43
flore	1
floro	1
flors	1
flota	969
flote	69
floto	1
fluia	1
fluir	58
fluis	1
flujo	245
fluor	1
fluxs	1
fluya	62
fluye	79
fluyo	1
fobia	49
focal	1
focas	1
focha	1
focia	1
focio	1
focos	48
fofos	1
fogon	1
foisa	1
foiso	1
fojas	1
folga	1
folgo	1
folia	1
folie	1
folio	1
folla	40
folle	1
follo	1
foluz	1
fomes	1
fonda	1
fondo	1714
fonil	1
fonio	1
fonje	1
fonos	1
foque	1
foral	1
foras	1
forca	1
force	1
forja	1
forje	1
forjo	1
forma	9229
forme	35
formo	34
forno	1
foros	1
forra	1
forre	1
forro	36
forte	1
forum	1
forzo	1
fosal	1
fosan	1
fosar	1
fosas	31
fosca	1
fosco	1
fosen	1
foses	1
fosil	1
fosor	1
fosos	1
foton	1
fotos	3094
fovea	1
fracs	1
frada	1
frade	1
frado	1
fraga	1
frase	411
frece	1
fredo	84
frego	1
freia	1
freir	1
freis	1
frena	108
frene	1
freno	210
freon	1
freos	1
fresa	90
frese	1
freso	1
freta	1
frete	1
freto	1
freys	1
freza	1
frezo	1
frian	1
frias	1
frica	1
frico	1
frien	1
fries	1
frigo	1
friki	1
frior	1
frios	1
frisa	1
frise	1
friso	1
frita	59
frite	1
frito	207
froga	1
frogo	1
frota	1
frote	1
froto	1
fruia	1
fruir	1
fruis	1
fruna	1
fruta	329
frute	1
fruto	119
fruya	1
fruye	1
fruyo	1
fucar	1
fuchi	1
fucia	1
fucos	1
fudre	1
fuego	5259
fuera	17816
fuere	102
fuero	1
fuers	1
fuesa	1
fuese	917
fuete	1
fufan	1
fufar	1
fufas	1
fufen	1
fufes	1
fugan	1
fugar	1
fugas	39
fugaz	63
fugir	1
fugue	1
fuina	1
fular	1
fulge	1
fulgi	1
fulja	1
fuljo	1
fulla	1
fuman	56
fumar	1100
fumas	193
fumen	55
fumes	53
fumon	1
fumos	1
fuñar	1
funca	1
funco	1
funda	79
funde	1
fundi	1
fundo	1
funes	1
funge	1
fungi	1
funja	1
funjo	1
funza	1
furia	525
furor	1
furos	1
furto	1
fusas	1
fusca	1
fusco	1
fusil	86
fusor	1
fusta	1
fuste	1
fusto	1
futil	1
futon	1
futre	1
gaban	1
gabon	1
gacel	1
gacha	1
gache	1
gachi	1
gacho	1
gafan	1
gafar	1
gafas	401
gafea	1
gafee	1
gafen	1
gafeo	1
gafes	1
gafos	1
gagos	1
gaira	1
gaita	1
gajes	41
gajos	1
galan	1
galas	1
galce	1
galea	1
galeo	1
gales	44
galga	1
galgo	1
galio	1
galla	1
galle	1
gallo	127
galon	1
galop	1
galos	98
galua	1
gamas	1
gamba	1
gamma	46
gamon	1
gamos	1
ganan	367
gañan	1
ganar	3167
ganas	1814
gañas	1
ganen	57
gañen	1
ganes	77
gañes	1
ganga	87
gañia	1
gañil	1
gañin	1
gañir	1
gañis	1
gañon	1
gansa	1
ganso	64
ganta	1
gante	1
garay	1
garba	1
garbe	1
garbo	1
garfa	1
garia	1
gario	1
garis	1
garla	1
garle	1
garlo	1
garma	1
garpa	1
garpe	1
garpo	1
garra	125
garre	1
garri	1
garro	1
garua	1
garue	1
garuo	1
garza	59
garzo	1
gasas	1
gasea	1
gasee	1
gaseo	1
gases	259
gason	1
gasta	126
gaste	37
gasto	159
gatas	1
gatea	1
gatee	1
gateo	1
gatos	683
gauss	1
gavia	1
gayan	1
gayar	1
gayas	1
gayen	1
gayes	1
gazas	1
gazna	1
gazne	1
gazno	1
gelan	1
gelas	1
gelen	1
geles	1
gelfe	1
gemas	1
gemia	1
gemir	1
gemis	1
genia	32
genil	1
genio	1151
genol	1
genoy	1
gente	22682
geoda	1
geogr	1
gerbo	1
gesta	1
geste	1
gesto	292
geton	1
ghana	1
giban	1
gibao	1
gibar	1
gibas	1
giben	1
gibes	1
gibon	1
gigas	1
gijon	1
giles	1
giley	1
gilis	1
gilva	1
gilvo	1
giman	1
gimas	1
gimen	1
gimes	1
gimio	1
ginea	1
giran	43
girar	280
giras	62
giren	36
gires	1
giron	1
giros	41
giste	1
giton	1
glase	1
glayo	1
gleba	1
glera	1
glial	1
glide	1
glifo	1
globo	595
glosa	1
glose	1
gloso	1
gluma	1
gluon	1
gmail	1
gneis	1
gnomo	36
goben	1
gobio	1
gocen	1
goces	1
gocha	1
gocho	1
godeo	1
godos	1
gofio	1
gofra	1
gofre	1
gofro	1
golas	1
golea	1
golee	1
goleo	1
goles	72
golfa	1
golfo	206
gollo	1
golpe	1828
gomal	1
gomar	1
gomas	38
gomel	1
gomer	1
gomez	54
gomia	1
gonce	1
gongo	1
gongs	1
gorda	648
gordo	1490
gorga	1
gorja	1
gorma	1
gorme	1
gormo	1
gorra	188
gorro	131
gotas	183
gotea	1
gotee	1
goteo	72
goton	1
goyas	1
goyos	1
gozan	1
gozar	79
gozas	1
gozne	1
gozon	1
gozos	1
graaf	1
graba	70
grabe	1
grabo	1
grada	1
grade	1
grado	700
grafo	1
grais	1
graja	1
grajo	1
grama	48
grame	1
gramo	97
grana	1
grand	220
grane	1
grano	508
grans	1
grant	1
graos	1
grapa	1
grape	1
grapo	1
grasa	483
graso	1
grata	62
grate	1
grato	1
graty	1
grava	1
grave	1251
gravo	1
greba	1
greca	1
greco	1
greda	1
green	383
grelo	1
greña	1
greno	1
greys	1
grial	739
grida	1
grifa	1
grife	1
grifo	55
grija	1
grill	1
grima	1
gripa	1
gripe	246
gripo	1
grisa	1
griss	1
grisu	1
grita	310
grite	135
grito	314
groan	1
groar	1
groas	1
groen	1
groes	1
grogs	1
grojo	1
gromo	1
grosa	1
groso	1
gruas	1
gruia	1
gruir	1
gruis	1
gruja	1
gruje	1
gruji	1
grujo	1
grumo	1
gruña	1
gruñe	1
gruñi	1
gruño	1
grupa	1
grupi	1
grupo	3352
gruta	55
gruya	1
gruye	1
gruyo	1
guaba	1
guabo	1
guaca	1
guaco	1
guado	1
guaja	1
guaje	1
guala	1
guali	1
guama	1
guame	1
guami	1
guamo	1
guane	1
guano	1
guapa	766
guape	1
guapi	1
guapo	935
guara	1
guare	1
guari	1
guaro	1
guasa	1
guaso	1
guata	1
guate	1
guato	1
guaya	1
guaye	1
guayo	1
guays	1
guazo	1
gubia	1
gueña	1
guera	1
guero	1
gueto	31
gueys	1
guian	1
guiar	142
guias	1
guida	1
guido	72
guien	1
guies	1
guifa	1
guija	1
guijo	1
guila	1
guilo	1
guiña	1
guiñe	1
guino	1
guiño	1
guins	1
guion	1
guipa	1
guipe	1
guipo	1
guira	1
guire	1
guiri	1
guiro	1
guisa	1
guise	1
guiso	50
guita	1
guite	1
guito	1
guiye	1
gulag	1
gular	1
gulas	1
gulay	1
gules	1
gumia	1
guras	1
gurda	1
gurdo	1
guros	1
gusta	15711
guste	987
gusto	4431
guzga	1
guzgo	1
guzla	1
habar	1
habas	1
haber	13090
habia	994
habil	1
habiz	1
habla	7487
hable	1440
hablo	2842
habon	1
habra	204
habre	1
habus	1
hacan	1
hacas	1
haced	89
hacen	5613
hacer	47951
haces	13421
hacha	277
hache	1
hacho	1
hacia	8886
hadar	1
hadas	364
hadiz	1
hados	1
hafiz	1
hagan	2237
hagas	5929
haiga	1
haiku	1
haiti	1
halal	1
halan	1
halar	1
halas	1
halda	1
halen	1
hales	32
halla	201
halle	106
hallo	66
halls	1
halon	1
halos	1
hamez	1
hampa	38
hampo	1
hanga	1
hanzo	209
hapax	1
haran	87
haras	193
harba	1
harbe	1
harbo	1
harca	1
harda	1
harem	1
haren	1
haria	218
harma	1
harol	1
haron	1
harpa	1
harre	1
harta	305
harte	1
harto	676
hasta	28288
hatea	1
hatee	1
hateo	1
hatos	1
haute	1
havar	1
havos	1
hayal	1
hayan	1227
hayas	1907
hayos	1
hazla	73
hazle	193
hazlo	3373
hazme	894
hazte	338
heard	1
heavy	1
heben	1
hebra	1
hecha	674
hecho	21794
heder	1
hedes	1
hedia	1
hedio	1
hedor	80
helar	1
helas	1
helea	1
helee	1
heleo	1
helio	62
helor	1
hemos	10733
henal	1
henao	1
henar	1
hendi	1
heñia	1
henil	1
heñir	1
heñis	1
henna	1
henos	1
henry	1903
heras	1
herbe	1
herbo	1
heres	1
heria	1
heril	1
herir	290
heris	1
herma	1
heroe	138
herpe	1
herpo	1
herre	1
herro	1
hertz	1
hervi	1
hespa	1
hespe	1
hespi	1
hespo	1
hetea	1
heteo	1
hevea	1
hevia	1
hiato	1
hicsa	1
hicso	1
hidra	1
hieda	1
hiede	1
hiedo	1
hiela	1
hiele	1
hielo	1674
hiels	1
hiena	1
hiera	1
hiere	36
hiero	1
higal	1
higas	1
higos	48
higui	1
hijas	472
hijea	1
hijee	1
hijeo	1
hijoa	1
hijos	5629
hijua	1
hilan	1
hilar	1
hilas	1
hilen	1
hiles	1
hilio	1
hilos	85
himen	1
himno	82
himpa	1
himpe	1
himpo	1
hiñan	1
hiñas	1
hinca	1
hinco	1
hindi	1
hindu	1
hiñen	1
hiñes	1
hiñia	1
hiñir	1
hiñis	1
hipan	1
hipar	1
hipas	1
hipen	1
hiper	1
hipes	1
hipos	1
hippy	65
hiram	1
hirco	1
hirio	1
hirma	1
hirme	1
hirmo	1
hisca	1
hispa	1
hispe	1
hispi	1
hispo	1
hitan	1
hitar	1
hitas	1
hiten	1
hites	1
hiton	1
hitos	1
hiyab	1
hobby	82
hobos	1
hocen	1
hoces	1
hogar	2148
hojas	375
hojea	1
hojee	1
hojeo	1
holan	1
holco	1
holea	1
holee	1
holeo	1
holgo	1
holle	1
hollo	1
homes	1
homun	1
honda	62
hondo	246
honey	79
hongo	97
honor	2910
honra	140
honre	1
honro	1
hopan	1
hopar	1
hopas	1
hopea	1
hopee	1
hopen	1
hopeo	1
hopes	1
hoque	1
horas	7837
horca	114
horco	1
horda	1
horma	1
horna	1
horne	148
horno	299
horra	1
horre	1
horro	1
horts	1
hosca	1
hosco	1
hospa	1
hoste	1
hotel	2971
hotos	1
house	208
hoves	1
hoyal	1
hoyan	1
hoyar	1
hoyas	1
hoyen	1
hoyes	1
hoyos	112
hozan	1
hozar	1
hozas	1
huaca	1
huaco	1
huaje	1
huari	1
huaro	1
huasa	1
huaso	1
huata	1
huaya	1
huayo	1
hucha	1
hucho	1
hucia	1
hueca	62
hueco	369
huego	1
huela	66
huele	1129
huelo	328
huera	1
huero	1
huesa	1
hueso	547
hueva	1
hueve	1
huevo	608
huian	1
huias	1
huich	1
huida	76
huido	138
huifa	1
huila	1
huilo	1
huina	1
huira	1
huire	1
huiro	1
hulan	1
hular	1
hulas	1
hulea	1
hulee	1
hulen	1
huleo	1
hules	1
hulla	1
hulte	1
human	1
humar	1
humas	1
humay	1
humbo	1
humea	1
humee	1
humen	1
humeo	1
humes	1
humil	1
humor	1087
humos	48
humus	1
hunda	1
hunde	90
hundi	1
hundo	1
hunos	1
hupes	1
huras	1
hurga	1
hurgo	1
huron	75
hurra	137
hurta	1
hurte	1
hurto	1
husar	1
husma	1
husme	1
husmo	1
husos	1
hutas	1
hutia	1
huyan	99
huyas	51
huyen	107
huyes	87
ibais	32
ibama	1
ibera	1
ibero	1
ibice	1
ibiza	1
icaco	1
icaro	64
iceis	1
ichal	1
ichos	1
ichus	1
icono	42
icors	1
ictus	1
ideal	520
idean	1
idear	51
ideas	1149
ideay	1
ideen	1
idees	1
idish	1
idolo	1
iglus	1
ignea	1
igneo	1
igual	6270
iguar	1
ijada	1
ijars	1
ijiyo	1
ijuju	1
ilave	73
ileon	1
ilesa	1
ileso	1
ilion	1
iloca	1
ilota	1
iltre	1
iluda	1
ilude	1
iludi	1
iludo	1
ilusa	1
iluso	1
imada	1
imana	1
imane	1
imano	1
imans	1
imaza	1
imbui	1
imela	1
imita	1
imite	1
imito	1
impar	1
impia	1
impio	1
impla	1
imple	1
implo	1
impon	1
impto	1
imues	1
inane	1
incas	1
incoa	1
incoe	1
incoo	1
index	1
india	1
indio	337
inegi	1
infla	1
infle	1
inflo	1
ingas	1
ingle	32
ingon	1
ingre	1
inope	1
input	1
inris	1
insta	1
inste	1
insti	1
insto	1
inter	1
intui	1
invar	1
iotas	1
ipire	1
irada	1
irado	1
iraki	1
irani	1
ireis	1
irene	128
irgan	1
irgas	1
irgue	1
irian	1
irias	1
iride	1
irisa	1
irise	1
iriso	1
iriss	1
irles	1
irnos	2664
irrui	1
irupe	1
iruto	1
isaac	203
isana	1
isaza	1
isbas	1
iscos	1
islam	38
islan	1
islas	293
islay	1
isleo	1
isnos	1
isoca	1
isora	1
istmo	1
isupi	1
itala	1
italo	1
itati	1
items	1
itera	1
itere	1
itero	1
itria	1
itrio	1
itzaj	1
ixtla	1
izaba	1
izada	1
izado	1
izais	1
izara	1
izare	1
izase	1
izote	1
izqdo	1
jabas	1
jabis	1
jable	1
jabon	1
jabra	1
jabre	1
jabri	1
jabro	1
jacal	1
jacas	1
jacer	1
jacha	1
jacob	131
jacos	1
jacta	1
jacte	1
jacto	1
jadea	1
jadee	1
jadeo	1
jades	1
jadia	1
jadie	1
jadio	1
jaece	1
jaens	1
jaeza	1
jaezo	1
jagua	1
jaiba	1
jaima	1
jaime	1
jairo	1
jajay	1
jalan	1
jalar	48
jalas	32
jalca	1
jalda	1
jalde	1
jaldo	1
jalea	87
jalee	1
jalen	41
jaleo	56
jales	1
jalma	1
jalon	1
jalpa	1
jaman	1
jamar	1
jamas	220
jamay	1
jamba	1
jambe	1
jambo	1
jamen	1
jameo	1
james	3275
jamon	1
janes	1
janos	1
japon	31
jaque	130
jaqui	1
jaral	1
jaras	1
jarba	1
jarbe	1
jarbo	1
jarca	1
jarda	1
jaros	1
jarpa	1
jarra	114
jarre	1
jarro	33
jasan	1
jasar	1
jasas	1
jasen	1
jases	1
jaspe	1
jatas	1
jateo	1
jatib	1
jatos	1
jauda	1
jaudo	1
jauja	1
jaula	463
jaume	1
jauta	1
jauto	1
javea	1
javos	1
jayan	1
jazan	1
jebes	1
jedan	1
jedar	1
jedas	1
jeden	1
jedes	1
jefas	1
jefes	340
jegua	1
jeito	1
jejen	1
jeliz	1
jemal	1
jemer	1
jemes	1
jeque	96
jeras	1
jerbo	1
jerez	52
jerga	43
jerpa	1
jesus	410
jetan	1
jetar	1
jetas	1
jetea	1
jetee	1
jeten	1
jeteo	1
jetes	1
jeton	1
jibia	1
jifas	1
jifia	1
jigas	1
jigue	1
jijas	1
jijea	1
jijee	1
jijeo	1
jiman	1
jimar	1
jimas	1
jimen	1
jimes	1
jimia	1
jimio	1
jiñan	1
jiñar	1
jiñas	1
jinda	1
jiñen	1
jiñes	1
jiote	1
jipia	1
jipie	1
jipio	1
jiras	1
jirel	1
jiron	1
jisca	1
jitan	1
jitar	1
jitas	1
jiten	1
jites	1
jivia	1
jobar	1
jobos	1
jocha	1
joche	1
jocho	1
jocon	1
jodan	329
jodas	373
joden	72
joder	1432
jodes	87
jodia	1
jodio	1
jodon	1
jofor	1
jolin	1
jolon	1
jondo	1
jonia	1
jonio	1
jopan	1
jopar	1
jopas	1
jopea	1
jopee	1
jopen	1
jopeo	1
jopes	1
joras	1
jorco	1
jordi	1
jorfe	1
jorga	1
jorge	94
jorro	1
josas	1
josep	1
jotas	1
jotes	1
joule	1
joven	4886
joyas	526
joyel	1
joyon	1
joyos	1
juana	116
juano	1
juans	1
jubas	1
jubon	1
jubos	1
judas	362
judea	66
judia	1
judio	41
juega	769
juego	6624
juera	1
juete	1
jueza	45
juezs	1
jugad	1
jugar	4955
jugas	1
jugon	1
jugos	1
jugue	1
jujea	1
jujee	1
jujeo	1
jujua	1
jujuy	1
julia	1
julio	784
julos	1
juman	1
jumar	1
jumas	1
jumbo	1
jumea	1
jumee	1
jumen	1
jumeo	1
jumes	1
jumil	1
junce	1
junci	1
junco	1
junin	1
junio	438
juñir	1
junta	732
junte	1
junto	2379
junza	1
junzo	1
jupea	1
jupee	1
jupeo	1
jupon	1
juran	37
jurar	168
juras	100
jurco	1
jurel	1
juren	1
jures	1
jurgo	1
juros	1
jusis	1
justa	305
juste	1
justo	6629
jutas	1
jutia	1
juvia	1
juzga	63
juzgo	39
kakis	1
kappa	1
karma	174
karst	1
kayak	33
kebab	1
kefir	1
kendo	1
kenia	1
kevin	863
kilim	1
kilos	708
kirie	1
kitts	1
koala	1
kohol	1
koine	1
kopek	1
kurda	1
kurdo	1
labeo	1
labia	39
labil	1
labio	105
labor	216
labra	1
labre	1
labro	1
lacan	1
lacar	1
lacas	1
lacea	1
lacee	1
lacen	1
laceo	1
laces	1
lacha	1
lacho	1
lacia	1
lacio	1
lacon	1
lacra	1
lacre	1
lacro	1
lacta	1
lacte	1
lacto	1
ladas	1
ladea	1
ladee	1
ladeo	1
ladon	1
lados	1350
ladra	36
ladre	1
ladro	1
ladys	1
lagar	1
lagos	70
lagua	1
laica	1
laico	1
laida	1
laido	1
lajas	1
lalin	1
laman	1
lamas	1
lamay	1
lamba	1
lambe	1
lambi	1
lambo	1
lamen	1
lamer	63
lames	1
lamia	1
lamin	1
lamio	1
lampa	1
lampe	1
lampo	1
lamud	1
lamus	1
lañan	1
lanar	1
lañar	1
lanas	1
lañas	1
lance	275
lanco	1
landa	1
lande	1
lando	106
lañen	1
lañes	1
langa	1
lania	1
lanio	1
lanka	1
lanus	1
lanza	504
lanzo	46
lapas	1
lapiz	1
lapon	1
lapos	1
lapsa	1
lapso	48
laque	1
laran	1
larco	1
larda	1
larde	1
lardo	1
lares	1
larga	1588
largo	3231
laria	1
larra	1
larva	1
lasca	1
lasco	1
laser	58
lasos	1
lasta	1
laste	1
lasto	1
lasun	1
latan	1
latas	192
lataz	1
latea	1
latee	1
laten	1
lateo	1
lates	1
latex	1
latia	1
latin	33
latio	1
latir	56
latis	1
laton	1
latos	1
lauda	1
laude	1
laudo	1
lauds	1
launa	1
laura	1233
lauro	1
lauta	1
lauto	1
lavan	34
lavar	421
lavas	37
laven	1
laves	1
laxan	1
laxar	1
laxas	1
laxen	1
laxes	1
laxos	1
layan	1
layar	1
layas	1
layen	1
layes	1
lazan	1
lazar	1
lazas	1
lazos	149
leais	1
leals	1
lecha	1
leche	1355
lecho	113
ledon	1
ledos	1
leeis	1
leera	1
leere	1
lefas	1
legal	853
legan	1
legar	1
legas	1
legon	1
legos	1
legra	1
legre	1
legro	1
legua	1
legue	1
legui	1
leian	1
leias	1
leida	1
leidi	1
leido	67
leidy	1
leila	1
leima	1
leiva	1
lejas	1
lejia	1
lejio	1
lejos	4804
lelos	1
leman	1
lemas	1
lembo	1
lemes	1
lempa	1
lempo	1
lemur	1
leñan	1
leñar	1
lenas	1
leñas	1
lenca	1
leñen	1
leñes	1
lenon	1
leños	1
lenta	258
lente	79
lento	674
leona	58
leons	1
lepra	1
leras	1
lerda	1
lerdo	1
lerma	1
lesea	1
lesee	1
leseo	1
lesna	1
lesos	1
leste	1
letal	163
letea	1
leteo	1
leton	1
letra	517
leuco	1
leuda	1
leude	1
leudo	1
levan	1
levar	1
levas	1
leven	1
leves	32
lexia	1
leyva	1
lezda	1
lezna	1
lezne	1
liaba	1
liado	60
liais	1
liana	1
liara	1
liare	1
liase	1
liaza	1
liban	1
libar	1
libas	1
liben	1
liber	1
libes	1
libia	1
libio	1
libon	1
libra	156
libre	4138
libro	4227
lican	1
liceo	40
lichi	1
licia	1
licio	1
licor	295
licra	1
licua	1
licue	1
licuo	1
lider	130
lidia	1
lidie	1
lidio	1
lidon	1
liega	1
liego	1
lieis	1
lieva	1
lieve	1
ligan	1
ligar	85
ligas	116
light	70
ligia	1
ligio	1
ligon	1
ligua	1
ligue	1
ligur	1
lijan	1
lijar	1
lijas	1
lijen	1
lijes	1
lilac	1
lilao	1
lilas	1
lilio	1
liman	1
limar	1
limas	1
limbo	57
limen	1
limes	1
limon	1
limos	1
linao	1
linar	1
liñas	1
lince	1
linda	2751
linde	1
lindo	3118
linea	436
linee	1
lineo	1
linfa	1
linio	1
linon	1
linos	1
liosa	1
lioso	1
lipes	1
lipis	1
lipon	1
liras	96
liray	1
liria	1
lirio	1
liron	1
lisia	1
lisie	1
lisio	1
lisis	1
lisol	1
lisos	1
lista	5360
liste	1
listo	7724
litan	1
litar	1
litas	1
liten	1
lites	1
litio	48
litis	1
litre	1
litro	159
lituo	1
liuda	1
liude	1
liudo	1
livor	1
lizas	1
lizos	1
llaca	1
llaga	1
llago	1
llama	7334
llame	1612
llamo	4018
llana	1
llano	1
llapa	1
llape	1
llapo	1
llars	1
llata	1
llave	2672
lleca	1
lleco	1
llega	2339
llego	1050
llena	1530
llene	115
lleno	1863
llera	1
lleva	4486
lleve	1410
llevo	2966
llico	1
llipa	1
llora	269
llore	106
lloro	145
llosa	1
llovi	1
lluta	1
loaba	1
loado	1
loais	1
loara	1
loare	1
loase	1
lobas	1
lobby	115
lobea	1
lobee	1
lobeo	1
lobos	430
local	1123
locas	306
locea	1
locee	1
loceo	1
locha	1
loche	1
locos	1476
locro	1
locus	39
lodon	1
lodos	1
lodra	1
loeis	1
logar	1
logia	1
logis	1
logos	1
logra	261
logre	190
logro	572
loica	1
loina	1
loino	1
lolea	1
lolee	1
loleo	1
lolio	1
lolol	1
lomas	1
lomba	1
lombo	1
lomea	1
lomee	1
lomeo	1
lomos	1
lonas	1
lonco	1
longa	1
longo	1
lonja	1
lonya	1
loors	1
lopez	43
loras	1
lorca	1
lorea	1
loree	1
loreo	1
lores	1
lorna	79
loros	1
lorza	1
losan	1
losar	1
losas	1
losen	1
loses	1
lotas	1
lotea	1
lotee	1
loteo	1
lotes	1
lotin	1
lotos	1
lozas	1
lucas	425
lucen	134
luces	2201
lucha	1355
luche	71
lucho	105
lucia	1
lucio	150
lucir	221
lucis	1
lucma	1
lucra	1
lucre	1
lucro	1
ludan	1
ludas	1
luden	1
ludes	1
ludia	1
ludie	1
ludio	1
ludir	1
ludis	1
luego	14237
lueñe	1
lugar	18752
lugre	1
luian	1
luias	1
luido	1
luira	1
luire	1
luisa	52
luiss	1
lujan	1
lujar	1
lujas	1
lujen	1
lujes	1
lujos	1
lules	1
lulle	1
lulus	1
lumas	1
lumbo	1
lumen	1
lumia	1
lunar	244
lunas	80
lunch	1
lunea	1
lunee	1
lunel	1
luneo	1
lunes	1014
lunfa	1
lupas	1
lupia	1
lupus	38
luque	1
lurin	1
lurte	1
lusca	1
lusco	1
lusos	1
lutea	1
luteo	1
lutos	1
luvia	1
luxan	1
luxar	1
luxas	1
luxen	1
luxes	1
luyan	1
luyas	1
luyen	1
luyes	1
luzca	1
luzco	142
luzon	1
lycra	1
mable	1
macal	1
macan	1
macar	1
macas	1
macau	1
macea	1
macee	1
macen	1
maceo	1
maces	1
macha	1
mache	1
machi	1
macho	336
macia	1
macio	1
macis	1
macla	1
macon	77
macro	1
macua	1
macul	1
mador	1
madre	15059
maeña	1
maeño	1
maesa	1
maese	58
maeso	1
mafia	373
mafil	1
magia	1087
magin	1
magma	34
magna	1
magno	1
magon	1
magos	115
magra	1
magro	1
mague	1
magui	1
mahon	1
maido	1
maino	1
maipo	1
maipu	1
maito	1
maizs	1
majal	1
majan	1
majar	1
majas	1
majea	1
majee	1
majen	1
majeo	1
majes	1
majos	1
malal	1
malar	1
malas	1432
malea	1
malee	1
maleo	1
malis	1
malla	1
malle	1
mallo	1
malon	1
malos	1158
malta	62
malva	1
malve	1
malvo	1
maman	1
mamar	1
mamas	1
mamba	1
mambi	1
mambo	31
mamby	1
mamen	1
mames	1
mamey	1
mamia	1
mamon	1
mamua	1
mamut	74
manal	1
manan	1
manar	1
manas	1
mañas	1
manca	1
manco	65
manda	752
mande	299
mandi	1
mando	1906
manea	1
mañea	1
manee	1
mañee	1
manen	1
maneo	1
mañeo	1
manes	1
manga	147
mango	86
mania	1
manid	1
manio	1
mañio	1
manir	1
manis	1
manos	8328
maños	1
mansa	1
manso	1
manta	270
mante	1
manto	98
manus	1
maoma	1
maori	1
mapas	302
mapea	1
mapee	1
mapeo	1
maple	1
mapoy	1
maque	1
maqui	1
maras	1
marca	1222
marce	1
marci	57
marco	629
marea	170
maree	1
mareo	75
marga	42
margo	36
maria	1
marin	79
mario	105
marlo	1
maroa	1
maron	1
maros	1
marra	1
marre	1
marro	1
marsa	1
marso	1
marta	110
marte	261
marza	1
marzo	313
masai	1
masan	1
masar	1
masas	141
masca	1
masco	1
masea	1
masee	1
masen	1
maseo	1
maser	1
mases	1
masia	1
masin	1
maslo	1
masma	1
mason	130
masse	1
maste	1
masto	1
matan	737
matar	6584
matas	574
matea	1
matee	1
maten	789
mateo	89
mates	416
matiz	1
maton	1
matul	1
maula	1
maule	1
maulo	1
maura	1
maure	1
mauro	1
mayal	1
mayan	1
mayar	1
mayas	1
mayea	1
mayee	1
mayen	1
mayeo	1
mayes	1
mayor	5620
mayos	1
mazan	1
mazar	1
mazas	1
mazna	1
mazne	1
mazno	1
mazos	1
mbaya	1
meaba	1
meada	1
meado	35
meais	1
meaja	1
meana	1
meano	1
meara	1
meare	1
mease	1
meato	1
mecas	1
mecen	1
mecer	1
meces	1
mecha	86
meche	1
mecho	1
mecia	1
mecio	1
mecos	1
media	2803
medie	1
medio	5609
medir	140
medis	1
medos	1
medra	1
medre	1
medro	1
meeis	1
megos	1
meiga	1
meigo	1
mejan	1
mejas	1
mejen	1
mejer	1
mejes	1
mejia	1
mejio	1
mejor	33822
melar	1
melas	1
melca	1
melga	1
melgo	1
melis	1
mella	1
melle	1
mello	1
melon	1
melsa	1
melua	1
meluk	1
melva	1
memes	1
memez	1
memos	1
menan	1
menar	1
menas	1
menda	1
menea	1
menee	1
menen	1
meneo	1
menes	1
menge	1
menor	1148
menos	15360
mensa	1
menso	1
mensu	1
menta	143
mente	3470
menti	1
mento	1
menus	1
meona	1
meons	1
mequi	1
meran	1
merar	1
meras	1
merca	1
merco	1
meren	1
meres	1
merey	1
mergo	1
merla	1
merlo	1
merma	1
merme	1
mermo	1
merol	1
meros	1
mersa	1
mesan	1
mesar	1
mesas	261
mesen	1
meses	5521
mesma	1
mesmo	1
meson	1
mesta	1
mesto	1
metad	1
metal	566
metan	202
metas	745
meten	222
meter	902
metes	388
metia	1
metio	46
metra	1
metro	651
meusa	1
meyor	1
mezan	1
mezas	1
mezzo	1
miaba	1
miado	1
miaga	1
miago	1
miais	1
miaja	1
mialo	1
miaña	1
miañe	1
miaño	1
miara	1
miare	1
miase	1
micas	1
micay	1
micer	1
micha	1
miche	1
micho	1
micos	1
micra	1
micro	108
midan	1
midas	1
miden	32
mides	38
midio	1
miedo	8881
mieis	1
miela	1
miele	1
mielo	1
miels	1
miera	1
migan	1
migar	1
migas	74
migra	1
migre	1
migro	1
migue	1
mijas	1
mijos	1
milan	1
milis	1
milla	220
millo	1
milpa	1
miman	1
mimar	1
mimas	1
mimen	1
mimes	1
mimos	1
minal	1
minan	1
minar	1
minas	696
minaz	1
minca	1
minda	1
minen	1
mines	1
minga	1
mingo	1
minia	1
minie	1
minio	1
miñon	1
minue	1
mioma	1
miona	1
miope	1
miran	364
mirar	2004
miras	842
miren	3814
mires	1130
mirla	1
mirle	1
mirlo	1
miron	1
mirra	1
mirto	1
mirza	1
misal	1
misan	1
misar	1
misas	1
misen	1
mises	1
misia	1
misil	359
misio	1
misis	1
misma	5850
mismo	21822
mista	1
miste	1
misto	1
mitad	3133
mitan	1
mitas	1
mitin	1
mitla	1
miton	1
mitos	76
mitra	1
mitre	1
mitro	1
miura	1
mixes	1
mixta	31
mixto	1
mizas	1
mizos	1
moare	1
moble	1
mocan	1
mocar	1
mocas	1
mocea	1
mocee	1
moceo	1
mocha	1
moche	1
mocho	1
mocil	1
mocoa	1
mocos	86
modal	1
modas	93
modem	1
modin	1
modio	1
modos	1237
modus	55
moers	1
mofan	1
mofar	1
mofas	1
mofen	1
mofes	1
mofle	1
mogan	1
mogol	1
mogon	1
mogos	1
mohin	1
mohos	1
mohur	1
mojan	1
mojao	1
mojar	62
mojas	1
mojel	1
mojen	1
mojes	1
mojil	1
mojis	1
mojon	1
mojos	1
molan	1
molar	1
molas	1
molda	1
molde	72
moldo	1
molen	1
moler	1
moles	1
molia	1
molio	1
molla	1
molle	1
molon	1
molsa	1
molso	1
momax	1
momea	1
momee	1
momeo	1
momia	75
momil	1
momio	1
momos	1
monas	1
moñas	1
monda	1
monde	1
mondo	1
monea	1
monee	1
moneo	1
monfi	1
monga	1
monge	1
mongo	85
monis	1
monja	150
monje	456
moñon	1
monos	369
moños	1
monra	1
monse	1
monta	153
monte	387
monto	70
montt	1
mopan	1
moque	1
moral	503
moran	50
morar	1
moras	60
morbo	1
morca	1
morco	1
mordi	1
morea	1
moren	1
moreo	1
mores	1
morfa	1
morfe	1
morfo	1
morga	1
moria	48
morin	48
morir	7257
moris	1
morma	1
morme	1
mormo	1
moron	1
moros	62
morra	1
morro	1
morsa	1
morse	89
mosca	232
mosco	1
mosen	1
mosoc	1
mossa	1
moste	1
mosto	1
motas	1
motea	1
motee	1
motel	522
moteo	1
motes	1
motil	1
motin	1
moton	1
motor	898
motos	122
motul	1
mouse	71
mover	758
moves	1
movia	1
movil	1
movio	1
moxas	1
moxos	1
moxte	1
moyos	1
mozas	1
mozos	38
muare	1
muble	1
mucha	4368
mucho	33126
mudan	34
mudar	166
mudas	51
muden	1
mudes	1
mudez	1
mudos	1
mueca	37
muela	1
muele	1
muelo	1
muera	792
muere	1869
muero	953
muers	1
mueso	1
mueva	894
mueve	1267
muevo	115
mufla	1
mufti	1
mugan	1
mugar	1
mugas	1
mugen	1
muges	1
mugia	1
mugil	1
mugio	1
mugir	1
mugis	1
mugle	1
mugor	1
mugre	67
mugue	1
muian	1
muias	1
muido	1
muira	1
muire	1
mujan	1
mujas	1
mujer	13579
mujol	1
mular	1
mulas	49
muleo	1
mulla	1
mulle	1
mulli	1
mullo	1
mulos	1
mulsa	1
mulso	1
multa	254
multe	1
multo	1
mumbu	1
muñan	1
muñas	1
mundo	18726
muñen	1
muñes	1
muñia	1
muñir	1
muñis	1
muñon	1
muñoz	1
muons	1
muqui	1
mural	1
muran	1
murar	1
muras	1
muren	1
mures	1
murga	1
muria	1
murio	257
muros	272
murri	1
murta	1
murto	1
musan	1
musar	1
musas	1
musca	1
musco	1
musen	1
museo	809
muses	1
musga	1
musgo	1
musia	1
musio	1
musir	1
musis	1
musli	1
muslo	110
mutan	1
mutar	1
mutas	1
muten	1
mutes	1
mutis	1
mutro	1
mutua	50
mutuo	108
muyan	1
muyas	1
muyen	1
muyes	1
nabab	1
nabal	1
nabar	1
nabas	1
nabla	1
nabos	1
nacar	1
nacas	1
nacen	130
nacer	333
naces	1
nacha	1
nacho	42
nacia	1
nacio	38
nacos	1
nacre	1
nadal	1
nadan	33
nadar	760
nadas	1
naden	1
nades	1
nadga	1
nadie	23720
nadir	1
nafra	1
nafre	1
nafro	1
nafta	1
nagua	1
nahoa	1
nahua	1
naife	1
naipe	1
naire	1
nairo	1
najas	1
nalca	1
nalga	31
nambi	1
ñambi	1
ñames	1
ñampi	1
nanas	1
nanay	1
nance	1
nanci	1
ñandu	1
nanea	1
nanee	1
naneo	1
ñanga	1
ñango	1
nansa	1
nansu	1
nanta	1
nante	1
nanto	1
napal	1
napan	1
napar	1
napas	1
ñapas	1
napea	1
napen	1
napeo	1
napes	1
napia	1
naque	1
ñaque	1
narco	1
nardo	1
nares	1
nariz	1511
naron	1
narra	1
narre	1
narro	1
nasal	60
nasas	1
nasca	1
nason	1
nasos	1
natal	137
natas	1
ñatea	1
ñatee	1
ñateo	1
natia	1
natio	1
natos	1
natri	1
nauca	1
nauru	1
nauta	1
naval	196
navan	1
naves	910
navia	1
navio	1
nayar	1
nazas	1
nazca	84
nazco	1
nazis	272
ndowe	1
nebel	1
nebli	1
nebro	1
necea	1
necee	1
neceo	1
nechi	1
necia	1
necio	78
ñecla	1
negar	268
negas	1
negra	1206
negro	3854
negua	1
negue	1
negus	1
neira	1
neiva	1
nejas	1
nejos	1
neldo	1
neles	1
nemas	1
nemea	1
nemeo	1
nemes	1
nemon	1
nendo	1
nenes	1
ñenga	1
ñengo	1
nenia	1
neons	1
nepal	31
ñeque	1
nerda	1
nerdo	1
nerja	1
neron	1
nesga	1
nesgo	1
netos	1
neudo	1
neuma	1
neura	1
nevar	42
nevas	1
nevis	1
nevus	1
nexos	1
nials	1
niara	1
niata	1
niazo	1
niche	1
nicho	1
nicle	1
nicol	1
nidal	1
nidia	1
nidio	1
nidos	44
niega	417
niego	262
niela	1
niele	1
nielo	1
nieta	157
nieto	331
nieva	45
nieve	1104
nievo	1
niger	1
nigua	1
nijar	1
nilad	1
nilon	1
nimba	1
nimbe	1
nimbo	1
nimia	1
nimio	1
niñas	866
niñea	1
niñee	1
niñeo	1
niñez	191
ninfa	1
ninfo	1
ñinga	1
ninja	157
niños	8677
ninot	1
nioto	1
nipas	1
ñipas	1
nipis	1
niple	1
nipon	1
nipos	1
ñique	1
niqui	1
ñisca	1
niste	1
nitor	1
nitos	1
nitra	1
nitre	1
nitro	32
nival	1
nivea	1
nivel	2051
niveo	1
nixte	1
nizam	1
ñizca	1
nobel	173
noble	658
nobsa	1
nobuk	1
nocas	1
ñocha	1
noche	23802
nocir	1
nocla	1
ñoclo	1
nodal	1
nodos	1
noema	1
nogal	1
nolis	1
nolit	1
nomas	47
nomon	1
nomos	1
nonas	1
nones	1
ñoñez	1
ñonga	1
ñongo	1
nonio	1
nonos	1
ñoños	1
nopal	1
noque	1
ñoqui	1
noral	1
noray	1
ñorbo	1
noria	35
norma	329
norme	1
normo	1
norte	2727
notan	36
notar	180
notas	818
noten	51
notes	1
notos	1
notro	1
noval	1
novan	1
novar	1
novas	1
novel	1
noven	1
noves	1
novia	3445
novie	1
novio	2561
novoa	1
noxas	1
nubes	404
nubia	1
nubil	1
nubio	1
nubla	1
nuble	1
ñuble	1
nublo	1
ñublo	1
nucas	1
nuche	1
nucir	1
nucos	1
nudos	269
nuera	33
nuesa	1
nueso	1
nueva	9099
nueve	1533
nuevo	15677
nueza	1
nuezs	1
nulos	1
nulpe	1
nulpi	1
numen	1
numos	1
nunca	36804
nuñez	1
nuñoa	1
ñuñoa	1
nuqui	1
ñurda	1
ñurdo	1
nuria	1
nutra	1
nutre	1
nutri	1
nutro	1
nuxaa	1
nuyoo	1
ñuzco	1
nydia	1
oasis	45
obelo	1
obera	1
obesa	1
obeso	32
obice	1
obito	1
oblea	1
oboes	1
obolo	1
obran	1
obrar	1
obras	427
obren	1
obres	1
obron	1
obsta	1
obste	1
obsto	1
obten	1
obuss	1
obvia	76
obvie	1
obvio	690
ocals	1
ocaña	1
ocapi	1
ocaso	83
ocelo	1
ocena	1
ochio	1
ochoa	1
ochos	1
ocian	1
ociar	1
ocias	1
ocien	1
ocies	1
ocios	1
ocles	1
oclui	1
ocoña	1
ocopa	1
ocote	1
ocoyo	1
ocres	1
ocrey	1
ocros	1
octal	1
octay	1
ocuje	1
oculo	1
ocume	1
ocumo	1
ocupa	221
ocupe	132
ocupo	343
odeon	1
odian	345
odiar	146
odias	507
odien	1
odies	83
odios	1
odres	1
oeste	1572
ofita	1
ofrio	1
ogaño	1
ogodo	1
ogros	177
ohmio	1
oiais	1
oible	1
oidas	1
oidio	1
oidla	1
oidle	1
oidlo	1
oidme	1
oidor	1
oidos	77
oigan	1641
oigas	167
oilas	1
oiles	1
oilos	1
oimos	1
oinos	1
oiran	1
oiras	1
oiria	1
oislo	1
oiste	142
ojala	190
ojale	1
ojalo	1
ojals	1
ojean	1
ojear	1
ojeas	1
ojeda	1
ojeen	1
ojees	1
ojeos	1
ojera	1
ojete	1
ojito	1
ojiva	90
ojosa	1
ojoso	1
ojota	1
ojuda	1
ojudo	1
okapi	1
okupa	1
olais	1
olaje	1
olave	1
olaya	1
olean	1
olear	1
oleas	1
oleen	1
olees	1
oleis	1
olela	1
olele	1
olelo	1
oleme	1
oleos	1
olera	1
olere	1
olesa	1
olete	1
olian	1
olias	1
olida	1
olido	70
olios	1
oliva	40
olive	35
olivo	1
ollao	1
ollar	1
ollas	41
ollon	1
olmos	1
olmue	1
olors	1
olote	1
olura	1
oluta	1
omani	1
omaso	1
omate	1
ombus	1
omega	80
omero	1
omeya	1
omina	1
omine	1
omino	1
omisa	1
omiso	1
omita	1
omite	1
omiti	1
omito	1
omota	1
omoto	1
oñate	1
oncea	1
oncee	1
onceo	1
onces	1
ondas	302
ondea	1
ondee	1
ondeo	1
ondra	1
onece	1
oneci	1
ongon	1
ongoy	1
onice	1
onoto	1
onzas	78
opaca	1
opaco	1
opada	1
opado	1
opalo	1
opera	138
opere	1
opero	1
opila	1
opile	1
opilo	1
opima	1
opimo	1
opina	345
opine	1
opino	142
opios	1
opone	73
optan	1
optar	1
optas	1
opten	1
optes	1
opuse	1
opuso	45
oques	1
oraba	1
orado	1
orais	1
oraje	1
orale	1
orals	1
orara	1
orare	1
orase	1
orate	1
orbes	1
orcas	1
orcen	1
orces	1
orcos	252
ordaz	1
orden	4292
orean	1
orear	1
oreas	1
oreen	1
orees	1
oreis	1
oreja	422
orera	1
orero	1
orfos	1
orfre	1
orgia	1
oribe	1
orina	308
orine	72
orino	30
orins	1
oriol	1
orito	1
orive	1
orlan	1
orlar	1
orlas	1
orlen	1
orles	1
orlon	1
ornan	1
ornar	1
ornas	1
ornea	1
ornee	1
ornen	1
orneo	1
ornes	1
oroya	1
orpua	1
orsay	1
ortiz	1
ortos	1
oruga	1
orujo	1
oruro	1
orzan	1
orzar	1
orzas	1
osaba	1
osada	1
osado	38
osais	1
osara	1
osare	1
osars	1
osase	1
oscar	778
oscos	1
osean	1
osear	1
oseas	1
oseen	1
osees	1
oseis	1
oseos	1
osera	1
osero	1
oseta	1
osmio	1
ososa	1
ososo	1
ostia	1
ostra	44
ostro	1
osuda	1
osudo	1
osuna	1
osuno	1
otaez	1
otare	1
otate	1
otean	1
otear	1
oteas	1
oteen	1
otees	1
otero	1
othon	1
otica	1
otico	1
otila	1
otile	1
otilo	1
otoba	1
otoca	1
otoña	1
otoñe	1
otoño	299
otras	3791
otros	7548
ovaba	1
ovada	1
ovado	1
ovais	1
ovala	1
ovale	1
ovalo	1
ovals	1
ovara	1
ovare	1
ovase	1
oveis	1
oveja	125
ovejo	1
overa	1
overo	1
ovido	1
ovina	1
ovino	1
ovnis	78
ovolo	1
ovosa	1
ovoso	1
ovula	1
ovule	1
ovulo	1
oxean	1
oxear	1
oxeas	1
oxeen	1
oxees	1
oxida	1
oxide	1
oxido	1
oyela	1
oyele	1
oyelo	1
oyeme	1
oyera	1
oyere	1
oyese	1
oyolo	1
ozena	1
ozona	1
ozono	85
pabla	1
pablo	127
pacae	1
pacas	1
pacay	1
pacen	1
pacer	1
paces	167
pacha	1
pacho	1
pacia	1
pacio	1
pacoa	1
pacon	1
pacta	1
pacte	1
pacto	279
padel	1
padre	22847
padua	1
paezs	1
pafia	1
pafio	1
pagan	725
pagar	3098
pagas	340
pagel	1
pagos	157
pagro	1
pagua	1
pague	405
pahua	1
paico	1
paila	1
paime	1
paina	1
paine	61
paipa	1
paira	1
paire	1
pairo	1
paita	1
paito	1
paiva	1
pajar	33
pajas	1
pajea	1
pajee	1
pajel	1
pajeo	1
pajil	1
pajla	1
pajon	1
pajos	1
pajuz	1
palas	54
palau	1
palay	1
palca	1
palco	74
palea	1
palee	1
paleo	1
pales	1
palia	1
palie	1
palio	1
palla	1
palle	1
pallo	1
palma	278
palme	1
palmo	1
palon	1
palor	1
palos	226
palpa	1
palpe	1
palpi	1
palpo	1
palta	1
palto	1
pamba	1
pampa	1
pamue	1
panal	52
pañal	93
panan	1
panao	1
panas	1
panca	1
pance	1
panco	1
panda	84
pandi	1
pando	33
panel	264
paneo	1
panes	1
panga	1
pañil	1
panji	1
pañol	1
panos	1
paños	1
pansa	1
panti	1
panty	1
panul	1
panza	196
papal	1
papan	1
papar	1
papas	629
papaz	1
papea	1
papee	1
papel	2267
papen	1
papeo	1
papes	1
papin	1
papon	1
papos	1
papua	1
papus	1
paral	1
paran	111
parao	1
parar	2079
paras	183
parca	1
parce	1
parco	1
parda	1
pardo	1
parea	1
pared	1618
paree	1
parel	1
paren	647
pareo	1
pares	453
pargo	1
paria	1
pario	1
parir	1
paris	862
parka	1
parla	1
parle	1
parlo	1
parne	1
paron	1
paros	1
parpa	1
parpe	1
parpo	1
parra	1
parre	1
parro	1
parsi	1
parta	108
parte	13145
parti	1
parto	347
party	1
parva	1
parvo	1
pasan	1023
pasar	8084
pasas	611
pasca	1
pasco	1
pasea	55
pasee	1
pasen	633
paseo	1215
pases	397
pasil	1
pasma	1
pasme	1
pasmo	1
pasos	988
paspa	1
paspe	1
paspo	1
pasta	478
paste	1
pasto	193
patan	1
patao	1
patas	391
patax	1
patay	1
pataz	1
patea	101
patee	45
pateo	53
pater	1
pates	1
patia	1
patin	1
patio	548
paton	1
patos	121
pauji	1
paula	1
paule	1
paulo	59
pauls	1
pauna	1
pausa	155
pause	1
pauso	1
pauta	1
paute	1
pauto	1
pavas	1
paves	1
pavia	1
pavon	1
pavor	1
pavos	191
paxte	1
payan	1
payar	1
payas	1
payen	1
payes	1
payoa	1
payos	1
pazca	1
pazco	1
pazos	1
peais	1
peaje	48
peala	1
peale	1
pealo	1
peals	1
peana	1
peaña	1
pebas	1
pebre	1
pecan	1
pecar	1
pecas	51
peces	687
pecha	1
peche	1
pecho	1247
pecio	1
pecta	1
pecte	1
pecto	1
pedal	54
pedia	1
pedio	1
pedir	1783
pedis	1
pedos	103
pedro	755
peeis	1
peera	1
peere	1
pegan	70
pegar	302
pegas	126
pegon	1
pegos	1
pegue	118
peian	1
peias	1
peido	1
peina	1
peine	87
peino	1
pejes	1
pejin	1
pelan	1
pelao	1
pelar	38
pelas	1
pelde	1
pelea	2623
pelee	149
pelen	1
peleo	153
peles	1
pelis	33
pella	1
pello	1
pelma	1
pelon	1
pelos	282
pelta	1
pelvi	1
pemex	1
pemon	1
penal	93
penan	1
penar	1
penas	180
peñas	1
penca	1
penco	1
penda	1
pende	1
pendi	1
pendo	1
penen	1
penes	86
penol	1
peñol	1
peñon	1
pense	694
penso	64
peona	1
peons	1
peora	1
peors	1
pepas	1
pepes	1
pepla	1
peplo	1
pepon	1
peque	1
peral	1
peras	1
perca	1
perdi	144
perea	1
perez	34
peris	1
perla	284
perle	1
perlo	1
perna	1
perno	1
perol	1
peron	1
peros	41
perra	3334
perro	5265
persa	98
perta	1
perus	1
pesan	105
pesar	1185
pesas	136
pesca	324
pesce	1
pesco	1
pesen	1
peses	1
pesga	1
pesgo	1
pesia	1
pesol	1
pesor	1
pesos	136
peste	262
pesto	1
petan	1
petar	1
petas	1
peten	1
peter	3931
petes	1
petit	1
petos	1
petra	42
petro	1
peuco	1
peumo	1
pezon	1
phara	1
piaba	1
piada	1
piado	1
piafa	1
piafe	1
piafo	1
piais	1
piala	1
piale	1
pialo	1
piano	517
pians	1
piara	1
piare	1
piase	1
pibil	1
pibon	1
pical	1
pican	36
picao	1
picar	67
picas	38
picea	1
piceo	1
picha	1
piche	1
pichi	1
picho	1
picia	1
picio	1
picon	1
picop	1
picor	1
picos	57
picsi	1
picuy	1
pidan	142
pidas	167
piden	290
pides	335
pidio	98
pidon	1
pieis	1
piejo	1
piels	1
pieza	734
pifas	1
pifia	1
pifie	1
pifio	1
pigra	1
pigre	1
pigro	1
pigua	1
pigue	1
pihua	1
pijao	1
pijin	1
pijos	1
pijul	1
pijuy	1
pilaf	1
pilan	1
pilar	33
pilas	115
pilca	1
pilen	1
pileo	1
piles	1
pilin	1
pilla	47
pille	1
pillo	87
pilme	1
pilon	1
pimbi	1
pinal	1
piñal	1
pinar	1
pinas	1
piñas	50
pince	1
pindo	1
piñen	1
pinga	1
pingo	1
pinky	1
pinna	1
pinol	1
piñon	1
pinos	70
pinra	1
pinta	476
pinte	1
pinto	82
pinza	83
pinzo	1
piojo	1
piola	1
piole	1
piolo	1
piona	1
pions	1
pipan	1
pipar	1
pipas	1
pipen	1
pipes	1
pipia	1
pipie	1
pipil	1
pipio	1
pipis	1
pipon	1
pique	32
piral	1
piran	1
pirar	1
piras	1
piray	1
pirca	1
pirco	1
piren	1
pires	1
pirex	1
pirla	1
piron	1
piros	1
pirra	1
pirre	1
pirri	1
pirro	1
pirul	1
pisac	1
pisan	1
pisao	1
pisar	101
pisas	70
pisba	1
pisca	1
pisco	1
pisen	1
pises	39
pison	1
pisos	325
pispa	1
pispe	1
pispo	1
pista	1782
piste	1
pisto	1
pital	1
pitan	1
pitao	1
pitar	1
pitas	1
pitea	1
pitee	1
piten	1
piteo	1
pites	1
pitia	1
pitio	1
piton	1
pitos	58
piula	1
piule	1
piulo	1
piune	1
piura	1
piure	1
pivot	1
pixel	1
pizca	125
pizco	1
pizza	733
placa	825
place	126
placi	1
placo	1
plaga	307
plago	1
plana	185
plaña	1
plañe	1
plañi	1
plano	390
plaño	1
plans	1
plata	1089
plato	706
playa	1304
playe	1
playo	1
plaza	490
plazo	324
plebe	1
pleca	1
plego	1
plena	297
pleno	146
pleon	1
plepa	1
plexo	1
plica	1
plims	1
plisa	1
plise	1
pliso	1
ploma	1
plome	1
plomo	248
plugo	1
pluma	359
poble	1
poblo	1
pobos	1
pobra	1
pobre	3004
pocha	1
poche	1
pocho	1
pocos	1127
pocsi	1
podal	1
podan	1
podar	1
podas	1
poded	1
poden	1
poder	8725
podes	86
podia	292
podio	1
podon	1
podra	78
podre	70
poema	408
poeta	214
pogue	45
poino	1
poisa	1
poise	52
poker	70
polar	126
polas	1
polca	1
polco	1
polea	1
polen	40
poleo	1
polex	1
polin	1
polio	1
polir	1
polis	210
polla	118
pollo	1002
polos	31
polvo	983
pomar	1
pomas	1
pombo	1
pomez	1
pomos	1
pompa	1
pompi	1
pompo	1
ponci	1
ponen	870
poner	3677
pones	980
poney	1
ponga	1350
pongo	995
ponia	1
ponis	1
ponto	1
popan	1
popar	1
popas	1
popel	1
popen	1
popes	1
popti	1
porca	1
porco	1
porga	1
porgo	1
porno	375
poros	30
poroy	1
porra	53
porro	78
porta	88
porte	41
porto	1
posan	1
posar	62
posas	1
posca	1
posea	37
posee	258
posei	1
posen	1
poseo	88
poses	1
posic	1
posit	1
posma	1
posmo	1
poson	1
posos	1
posse	1
posta	1
poste	138
potan	1
potar	1
potas	1
potea	1
potee	1
poten	1
poteo	1
potes	1
potra	1
potro	93
poyal	1
poyan	1
poyar	1
poyas	1
poyen	1
poyes	1
poyos	1
pozal	1
pozas	1
pozol	1
pozon	1
pozos	105
prado	57
praga	94
prana	1
prava	1
pravo	1
praza	1
prear	1
preda	1
preña	1
preñe	1
preño	1
presa	392
presi	1
preso	429
prest	1
preve	1
previ	1
prezs	1
prima	497
prime	95
primo	1301
prion	1
prior	41
prisa	2311
priva	1
prive	1
privo	1
proal	1
proas	1
proba	1
probe	1
probo	1
proco	1
proel	1
profa	1
profe	1
prois	1
proiz	1
prole	1
prona	1
prono	1
prora	1
prosa	1
provo	1
pruna	1
pruno	1
psies	1
psoas	1
puaba	1
puado	1
puais	1
puara	1
puare	1
puase	1
puber	1
pubes	1
pubis	1
pucha	1
pucho	1
pucia	1
pucon	1
pudin	1
pudio	1
pudir	1
pudor	1
pudra	78
pudre	1
pudri	1
pudro	1
pueda	6277
puede	39279
puedo	54065
pueis	1
pufos	1
pugas	1
pugil	1
pugna	1
pugne	1
pugno	1
pujan	1
pujar	1
pujas	1
pujen	1
pujes	1
pulan	1
pulas	1
pulen	1
pules	1
pulga	40
pulia	1
pulio	1
pulir	35
pulis	1
pulla	1
pulle	1
pullo	1
pulpa	1
pulpo	127
pulsa	1
pulse	1
pulso	1194
pumas	30
pumba	1
pumbi	1
puñal	64
punan	1
punar	1
puñar	1
punas	1
punce	1
punco	1
puncu	1
punen	1
punes	1
punga	1
punge	1
pungi	1
punia	1
punio	1
punir	1
puñir	1
punis	1
punja	1
punjo	1
punki	1
punks	1
puños	169
punta	633
punte	1
punto	5851
punza	1
punzo	1
pupan	1
pupar	1
pupas	1
pupen	1
pupes	1
purea	1
puree	1
puren	1
pureo	1
pures	1
purga	1
purgo	1
purin	1
puros	163
purra	1
purre	1
purri	1
purro	1
purus	1
puspa	1
puspo	1
putal	1
putas	568
putea	1
putee	1
puteo	1
putla	1
puton	1
putos	231
putre	1
puyan	1
puyar	1
puyas	1
puyca	1
puyen	1
puyes	1
puyon	1
puzle	1
puzol	1
quark	1
queco	1
queda	5639
quede	1306
quedo	1194
queja	322
queje	1
quejo	75
quema	408
queme	117
quemi	1
quemo	87
quena	1
quepa	43
quepe	1
quepi	1
quepo	1
quera	1
quero	65
queso	961
quico	1
quien	14992
quier	1
quije	1
quijo	1
quila	1
quilo	1
quima	1
quime	1
quimo	1
quina	1
quiña	1
quiñe	1
quino	1
quiño	1
quins	1
quios	1
quipa	1
quipu	1
quisa	1
quise	2448
quiso	1326
quiss	1
quita	809
quite	366
quito	231
quitu	1
quivi	1
quiza	185
rabal	1
rabas	1
rabea	1
rabee	1
rabel	1
rabeo	1
rabia	284
rabie	1
rabil	1
rabio	1
rabis	1
rabon	1
rabos	1
racea	1
racee	1
racel	1
raceo	1
racha	103
rache	1
racho	1
racor	1
radal	1
radar	432
radas	1
radia	1
radie	1
radio	2181
radon	1
raeis	1
raera	1
raere	1
rafal	1
rafas	1
rafea	1
rafee	1
rafeo	1
rafes	1
rafez	1
rafia	1
ragua	1
rahez	1
raian	1
raias	1
raice	1
raida	1
raido	1
raids	1
raiga	1
raigo	1
raijo	1
rails	1
rains	1
raiza	1
raizo	1
raizs	1
rajan	1
rajar	1
rajas	1
rajen	1
rajes	1
rajon	1
ralba	1
ralbe	1
ralbo	1
ralco	1
ralea	1
ralee	1
raleo	1
ralla	1
ralle	1
rallo	1
rally	1
ralos	1
ralva	1
ralve	1
ralvo	1
ramal	1
ramas	160
ramea	1
ramee	1
rameo	1
ramio	1
ramon	73
ramos	148
rampa	104
rampe	1
rampo	1
ranas	80
rañas	1
ranco	1
randa	31
rango	418
ranos	1
raños	1
rapan	1
rapar	1
rapas	1
rapaz	44
rapel	1
rapen	1
rapes	1
rapta	1
rapte	1
rapto	44
raque	1
raras	421
rarea	1
raree	1
rareo	1
raros	317
rasan	1
rasar	1
rasas	1
rasca	1
rasco	1
rasel	1
rasen	1
rases	1
rasga	1
rasgo	1
rasos	1
raspa	1
raspe	1
raspo	1
rasta	1
ratas	695
ratea	1
ratee	1
rateo	1
ratio	1
raton	43
ratos	36
rauca	1
rauch	1
rauco	1
rauda	1
raudo	1
rauli	1
rauta	1
rayan	1
rayar	1
rayas	118
rayen	1
rayes	1
rayon	1
rayos	2115
razar	1
razas	109
razia	1
razon	596
reaje	1
reala	1
reals	1
reama	1
reame	1
reamo	1
reara	1
reare	1
rearo	1
reata	1
reate	1
reato	1
rebla	1
reble	1
reblo	1
rebol	1
rebus	1
recae	1
recai	1
recel	1
recen	35
reces	1
recia	1
recio	1
recle	1
recre	1
recta	151
recte	1
recto	257
recua	1
redan	1
redar	1
redas	1
redel	1
reden	1
redes	124
redil	1
redol	1
redor	1
redox	1
redro	1
refez	1
regar	45
regas	1
regia	1
regio	35
regir	1
regis	1
regla	882
regle	1
reglo	1
regue	1
rehaz	1
rehen	1
rehui	1
rehus	1
reian	1
reias	1
reido	1
reila	1
reile	1
reilo	1
reina	1867
reine	1
reino	1091
reira	1
reire	1
rejal	1
rejas	129
rejin	1
rejon	1
rejos	1
rejus	1
relax	46
relea	1
relee	1
relei	1
relej	1
releo	1
reles	1
reloj	1519
relsa	1
relso	1
relva	1
relve	1
relvo	1
reman	1
remar	52
remas	1
remen	75
remes	1
remos	80
renal	101
renca	1
renco	1
renda	1
rende	1
rendi	1
rendo	1
renes	1
renga	1
rengo	1
reñia	1
renil	1
renio	1
reñir	1
reñis	1
renos	65
renta	412
rente	1
rento	1
reoca	1
reojo	1
repon	1
repta	1
repte	1
repto	1
reque	1
resal	1
resma	1
resol	1
respe	1
resta	32
reste	1
resto	3923
retal	1
retan	1
retar	35
retas	1
retel	1
reten	1
retes	1
retin	1
retor	1
retos	40
retro	1
reuma	1
reuna	1
reune	1
reuni	1
reuno	1
revea	1
reven	1
reveo	1
rever	1
reves	37
revio	1
reyan	1
reyar	1
reyas	1
reyen	1
reyes	588
rezan	1
rezar	448
rezas	69
rezno	1
rezon	1
rezos	55
riada	1
riais	1
riata	1
ribas	1
ricas	114
ricen	1
rices	1
ricia	1
ricio	1
ricos	921
riega	1
riego	35
riela	1
riele	1
rielo	1
riels	1
riera	1
riere	1
riese	1
rifan	1
rifar	1
rifas	1
rifen	1
rifes	1
rifle	516
rigen	1
riges	1
rigil	1
rigio	1
rigor	40
rigua	1
rigue	1
rijan	1
rijas	1
rilan	1
rilar	1
rilas	1
rilen	1
riles	1
rimac	1
riman	1
rimar	1
rimas	1
rimel	1
rimen	1
rimes	1
riñan	1
riñas	1
rinda	42
rinde	70
rindo	235
riñen	1
riñes	1
ringa	1
ringo	198
riñon	1
rioja	1
ripan	1
ripia	1
ripie	1
ripio	1
risas	114
risca	1
risco	1
risos	1
rispa	1
rispe	1
rispo	1
ritma	1
ritme	1
ritmo	719
riton	1
ritos	46
rival	220
rivas	1
rizal	1
rizan	1
rizar	1
rizas	1
rizon	1
rizos	1
roais	1
roana	1
roano	1
roban	205
robar	1159
robas	106
robda	1
roben	70
robes	36
robin	489
robla	1
roble	139
roblo	1
robos	161
robot	1882
robra	1
robre	1
rocas	568
rocea	1
rocee	1
rocen	1
roceo	1
roces	1
rocha	1
roche	52
rocho	1
rocia	1
rocie	1
rocin	1
rocio	1
rocks	1
rodal	1
rodao	1
rodar	250
rodas	1
rodea	171
rodee	1
rodeo	111
rodia	1
rodil	1
rodio	1
roeis	1
roela	1
roera	1
roere	1
roete	1
rogar	113
rogas	1
roger	1035
rogue	110
roian	1
roias	1
roida	1
roido	1
roiga	1
roigo	1
rojal	1
rojas	345
rojea	1
rojee	1
rojeo	1
rojez	1
rojos	272
rolan	1
rolar	1
rolas	1
rolda	1
rolde	1
roldo	1
rolen	1
roleo	1
roles	1
rolla	1
rolle	1
rollo	434
roman	179
rombo	1
romea	1
romeo	161
romin	1
romis	1
romos	1
rompa	135
rompe	468
rompi	1
rompo	136
roñal	1
roñan	1
roñar	1
roñas	1
ronca	1
ronce	1
ronco	1
ronda	461
ronde	1
rondo	1
roñen	1
roñes	1
roñia	1
ronza	1
ronzo	1
ropas	371
ropon	1
roque	32
roran	1
rorar	1
roras	1
roren	1
rores	1
rorro	1
rosal	1
rosan	1
rosar	1
rosas	443
rosca	52
rosco	1
rosea	1
rosee	1
rosen	57
roseo	1
roses	1
rosjo	1
roson	1
rosos	1
rosta	1
roste	1
rosti	1
rosto	1
rotal	1
rotan	1
rotar	1
rotas	155
roten	1
rotes	1
rotor	1
rotos	193
rouge	41
royal	96
royan	1
royas	1
royos	1
rozan	1
rozar	1
rozas	1
rozna	1
rozne	1
rozno	1
rozon	1
ruaba	1
ruado	1
ruais	1
ruana	1
ruano	1
ruans	1
ruara	1
ruare	1
ruase	1
rubea	1
ruben	1
rubeo	1
rubia	526
rubin	1
rubio	226
rubis	1
rublo	1
rubor	1
rubos	1
rubra	1
rubro	1
rucan	1
rucar	1
rucas	1
rucha	1
ruche	1
rucho	1
rucia	1
rucio	1
rudal	1
rudas	1
rudos	67
rueca	1
rueda	515
ruede	1
ruedo	1
ruega	128
ruego	761
rueis	1
ruejo	1
rueño	1
rufon	1
rufos	1
rugan	1
rugar	1
rugas	1
rugby	58
rugen	1
ruges	1
rugia	1
rugio	1
rugir	36
rugis	1
rugue	1
ruido	1409
ruina	210
ruine	1
ruino	1
ruins	1
ruiza	1
rujan	1
rujas	1
rujia	1
rujie	1
rujio	1
rulan	1
rular	1
rulas	1
rulen	1
rules	1
rulos	1
rumba	34
rumbe	1
rumbo	793
rumia	1
rumie	1
rumio	1
rumor	389
rumos	1
ruñan	1
ruñar	1
runas	42
ruñas	1
ruñen	1
ruñes	1
runga	1
rungo	1
ruñir	1
runos	1
rupia	1
ruque	1
rural	49
rurru	1
rusco	1
rusel	1
rusia	506
rusos	634
rusta	1
ruste	1
rusti	1
rusto	1
rutan	1
rutar	1
rutas	142
rutel	1
ruten	1
ruter	1
rutes	1
sabea	1
saben	6098
sabeo	1
saber	12761
sabes	38981
sabia	1207
sabio	336
sabir	1
sable	307
sabor	615
sabra	1
sabre	1
sacan	194
sacar	2286
sacas	370
sacco	63
sacha	1
sache	1
sacho	1
sacia	1
sacie	1
sacio	1
sacon	1
sacos	99
sacra	1
sacre	1
sacro	1
saenz	1
saeta	1
saete	1
saeti	1
saeto	1
safia	1
safir	1
sagas	1
sagaz	1
saija	1
saina	1
saine	1
saino	1
sains	1
saint	629
saisa	1
saiza	1
sajan	1
sajar	1
sajas	1
sajen	1
sajes	1
sajia	1
sajon	1
salan	1
salao	1
salar	1
salas	147
salaz	1
salce	1
salda	1
salde	1
saldo	39
salea	1
salee	1
salen	733
saleo	1
salep	1
sales	693
salga	1987
salgo	748
salia	1
salin	1
salio	230
salir	11160
salis	1
salla	1
salle	1
sallo	1
salma	1
salme	1
salmo	1
saloa	1
salol	1
salon	63
salou	1
salpa	1
salpo	1
salsa	625
salso	1
salta	635
salte	182
salto	511
salud	2089
salva	504
salve	572
salvo	2975
saman	1
samas	1
samba	1
sambo	1
samia	1
samio	1
samoa	1
sampa	1
sanan	1
sanar	74
sanas	30
sañas	1
sanco	1
sande	1
sanea	1
sanee	1
sanen	1
saneo	1
sanes	1
sango	31
sanie	1
sanja	1
sanje	1
sanjo	1
sanos	125
sansa	1
sanso	1
santa	1969
santo	2669
sapas	1
sapea	1
sapee	1
sapeo	1
sapos	35
saque	566
saran	1
sarao	1
sarda	1
sarde	1
sardo	1
sarga	1
sargo	1
saria	1
saric	1
sarin	1
sarna	1
sarro	1
sarta	1
sarza	1
sarzo	1
sasal	1
saspi	1
satan	1
saten	1
satin	1
satis	1
satos	1
sauce	1
sauco	1
saudi	31
sauji	1
sauna	69
sausa	1
sauzs	1
savia	1
saxea	1
saxeo	1
sayal	1
sayan	1
sayas	1
sayla	1
sayon	1
sayos	1
sazon	1
seais	1
sebes	1
sebos	1
secan	1
secar	52
secas	98
secon	1
secos	125
secre	1
secta	102
secua	1
sedal	1
sedan	32
sedar	1
sedas	1
sedea	1
sedee	1
seden	1
sedeo	1
sedes	1
segar	1
segas	1
segri	1
segue	1
segui	1
segun	90
segur	1
seibo	1
seico	1
seise	1
seiss	1
sejal	1
selfi	1
sella	64
selle	1
sello	315
seltz	1
selva	537
semen	108
semis	1
señal	2966
señar	1
senas	1
señas	93
senda	83
senil	54
señor	35350
senos	219
sente	1
senti	77
sento	1
seora	1
seors	1
sepan	569
sepas	1244
sepia	1
septo	1
seque	33
seran	154
seras	155
serba	1
serbo	1
seres	839
seria	1233
serie	1217
serio	10270
serla	1
serle	100
serlo	706
serme	1
serna	1
seron	1
seros	1
serpa	1
serra	1
serre	1
serro	1
serte	108
servi	1
servo	1
sesea	1
sesee	1
sesen	1
seseo	1
sesga	1
sesgo	1
sesil	1
sesma	1
sesmo	1
sesos	326
setal	1
setas	1
setos	1
sexan	1
sexar	1
sexas	1
sexen	1
sexes	1
sexis	1
sexma	1
sexmo	1
sexos	31
sexta	100
sexto	281
sexys	36
shock	413
short	56
shows	69
shuar	1
siare	1
sibil	1
siclo	1
sidas	1
sidon	1
sidra	1
siega	1
siego	1
siena	1
siens	1
siero	1
siesa	1
sieso	1
siete	2690
sifon	1
sifue	1
sigan	1311
sigas	432
sigla	1
siglo	1035
sigma	1
signa	1
signe	1
signo	254
sigua	1
sigue	7539
sigui	1
silao	1
silba	1
silbe	1
silbo	1
silex	1
silfo	1
silga	1
silgo	1
silla	1292
siloe	1
silos	1
silva	32
simas	1
simia	1
simil	1
simio	158
simon	1
simpa	1
simun	1
sinai	1
since	1
singa	1
singo	1
sinos	1
sioux	80
sique	1
sirga	1
sirgo	1
siria	38
sirin	1
sirio	1
sirle	1
siros	1
sirte	1
sirva	231
sirve	1765
sirvo	337
sisal	1
sisan	1
sisar	1
sisas	1
sisca	1
sisea	1
sisee	1
sisen	1
siseo	1
sises	1
sismo	1
sison	1
sitar	1
sitia	1
sitie	1
sitio	3535
sitos	1
situa	1
situe	1
situo	1
sivia	1
sixto	1
soasa	1
soase	1
soaso	1
soata	1
soban	1
sobao	1
sobar	1
sobas	1
soben	1
sobeo	1
sobes	1
sobon	1
sobra	389
sobre	27308
sobro	1
socas	1
socaz	1
socha	1
soche	1
socia	77
socio	1600
socol	1
socos	1
sodas	30
sodio	74
soeza	1
soezs	1
sofas	1
sofia	32
sogas	47
sogun	1
sojas	1
solar	314
solas	852
solaz	1
solde	1
soldo	1
solea	1
solee	1
solen	1
soleo	1
soler	1
soles	46
solfa	1
solia	95
solio	1
solis	33
solla	1
sollo	1
solos	1582
solte	1
solto	1
somas	1
somos	10121
sonar	548
soñar	285
soñas	1
sonda	208
sonde	1
sondo	1
sonia	134
sonio	1
sonsa	1
sonso	1
sonta	1
sonto	1
sopan	1
sopar	1
sopas	1
sopea	1
sopee	1
sopen	1
sopeo	1
sopes	1
sopie	1
sopla	191
sople	35
soplo	87
sopon	1
sopor	1
soras	1
sorba	1
sorbe	1
sorbi	1
sorbo	48
sorce	1
sorda	121
sordo	370
sorgo	1
soria	1
sorna	1
sorne	1
sorno	1
soror	1
soros	1
sorra	1
sosal	1
sosar	1
sosas	1
sosia	1
sosos	1
sotan	1
sotar	1
sotas	1
soten	1
sotes	1
sotil	1
sotol	1
sotos	1
sovoz	1
split	1
sport	1
spray	101
stand	1
stent	1
stock	33
suaba	1
suabo	1
suata	1
suato	1
suave	771
suaza	1
suazi	1
suban	487
subas	112
suben	141
subeo	1
subes	185
subia	1
subio	1
subir	1617
subis	1
subte	1
suche	1
sucia	473
sucio	994
sucre	41
sudan	1
sudar	92
sudas	1
suden	1
sudes	1
sudor	159
sueca	44
sueco	100
suela	1
suele	362
suelo	2357
suena	3437
sueña	157
sueñe	1
sueno	47
sueño	3978
suero	167
sueva	1
suevo	1
sufis	1
sufle	1
sufra	71
sufre	332
sufri	1
sufro	82
suido	1
suita	1
suite	285
suiza	269
suizo	83
sulas	1
sulco	1
sulla	1
suman	1
sumar	52
sumas	54
sumen	1
sumes	1
sumia	1
sumio	1
sumir	1
sumis	1
sumos	1
sumun	1
sunca	1
sunco	1
sunna	1
sunni	1
super	516
supia	1
supla	1
suple	1
supli	1
suplo	1
supon	1
supra	1
sural	1
suras	1
surca	1
surco	1
surda	1
surde	1
surdi	1
surdo	1
surge	111
surgi	1
surja	38
surjo	1
surta	1
surte	1
surti	1
surto	1
sushi	134
susto	336
sutas	1
sutes	1
sutil	137
suyos	483
suzon	1
swing	108
tabaa	1
tabal	1
tabas	1
tabea	1
tabes	1
tabio	1
tabla	278
table	1
tablo	1
tabon	1
tabor	1
tabus	1
tacar	1
tacas	1
tacen	1
taces	1
tacet	1
tacha	1
tache	1
tacho	1
tacna	1
tacon	1
tacos	89
tacto	150
tadeo	1
tadia	1
tafia	1
tafon	1
tafos	1
tafur	1
tagua	1
tahas	1
tahur	1
taifa	1
taiga	1
taija	1
taima	1
taime	1
taimo	1
taina	1
taino	1
taipa	1
taira	1
taire	1
taita	1
tajan	1
tajar	1
tajas	1
tajea	1
tajee	1
tajen	1
tajeo	1
tajes	1
tajin	1
tajon	1
tajos	1
talan	1
talar	1
talas	1
talca	1
talco	56
talea	1
taled	1
talen	1
tales	255
talgo	1
talin	1
talio	1
talla	303
talle	50
tallo	32
talma	1
talon	81
talos	1
talpa	1
talud	1
tamal	1
tamba	1
tambo	1
tamil	1
tamiz	1
tamos	1
tamul	1
tañan	1
tañar	1
tañas	1
tanca	1
tanco	1
tanda	1
tañen	1
tañer	1
tañes	1
tanga	43
tange	1
tangi	1
tango	203
tañia	1
tanja	1
tanjo	1
tanka	1
tanor	1
tanta	1573
tanti	1
tanto	12011
tanza	1
tapan	1
tapar	59
tapas	33
tapay	1
tapea	1
tapee	1
tapen	1
tapeo	1
taper	1
tapes	1
tapia	1
tapie	1
tapin	1
tapio	1
tapir	1
tapis	1
tapiz	1
tapoa	1
tapon	1
tapuc	1
taque	1
taran	1
tarar	1
taras	1
taray	1
tarca	1
tarco	1
tarda	228
tarde	13172
tardo	86
tarea	1007
taren	1
tares	1
tarin	1
tarja	1
tarje	1
tarjo	1
tarma	1
taroa	1
tarot	1
tarra	1
tarro	76
tarso	1
tarta	255
tasan	1
tasar	1
tasas	1
tasca	1
tasco	1
tasen	1
tases	1
tasia	1
tasio	1
tasis	1
tasto	1
tatas	1
tatay	1
tatos	1
tatua	1
tatue	1
tatuo	1
tauca	1
tauco	1
taula	1
tauro	33
tausa	1
taxco	1
taxis	138
taxon	1
tayin	1
tayul	1
tazan	1
tazar	1
tazas	77
tazon	1
teabo	1
teame	1
teapa	1
teayo	1
tebea	1
tebeo	1
tecas	1
techa	1
teche	1
techo	1151
tecla	31
tecle	1
teclo	1
tecoh	1
tecol	1
tedas	1
tedio	1
tefes	1
tegea	1
tegeo	1
tegua	1
tegue	1
tehul	1
teina	1
teita	1
tejan	1
tejar	1
tejas	72
tejen	1
tejer	1
tejes	1
tejia	1
tejio	1
tejon	1
tejos	1
tekal	1
tekax	1
tekit	1
tekom	1
telar	1
telas	46
telde	1
telef	1
teles	1
telex	1
tello	1
tells	1
telmo	1
telon	1
telpi	1
teman	86
temar	1
temas	552
temax	1
temen	295
temer	434
temes	359
temia	1
temio	1
temor	406
tempo	33
temus	1
tenas	1
tenaz	32
tenca	1
tendi	1
tener	15981
tenes	115
tenga	4846
tengo	64410
tenia	1825
teñia	1
tenio	1
teñir	1
tenis	390
teñis	1
tenjo	1
tenor	41
tensa	134
tense	1
tenso	199
tente	1
tento	1
tenue	1
tenza	1
teosa	1
teoso	1
tepes	1
tepic	1
tepuy	1
teque	1
terai	1
teran	1
terca	35
terco	103
terma	1
termo	1
terna	1
terne	1
terno	1
teros	1
tersa	1
terse	1
terso	1
tesan	1
tesar	1
tesas	1
tesen	1
teses	1
tesis	127
tesla	1
teson	1
tesos	1
testa	1
teste	1
testo	1
tetan	1
tetar	1
tetas	616
teten	1
tetes	1
tetiz	1
tetla	1
teton	1
tetra	1
tetro	1
texto	206
teyos	1
tiaca	1
tiara	1
tibar	1
tibes	1
tibet	34
tibia	107
tibie	1
tibio	91
tibor	1
ticua	1
ticul	1
tidaa	1
tiene	52317
tiesa	1
tieso	35
tifon	1
tifos	1
tifus	35
tigra	1
tigre	676
tigua	1
tigue	1
tijas	1
tijul	1
tilas	1
tilda	1
tilde	1
tildo	1
tilia	1
tilin	1
tilla	1
tille	1
tillo	1
tilly	1
tilma	1
tilos	1
timan	1
timar	1
timas	1
timba	1
timbo	1
timen	1
times	267
timol	1
timon	1
timor	1
timos	1
timpa	1
tiñan	1
tinas	1
tiñas	1
tinca	1
tinco	1
tinea	1
tiñen	1
tineo	1
tiner	1
tiñes	1
tinge	1
tingo	1
tinos	1
tinta	321
tinte	39
tinto	116
tinum	1
tipan	1
tipas	1
tipeo	1
tipex	1
tiple	1
tipoi	1
tipos	2998
tipoy	1
tique	1
tiqui	1
tiran	123
tirar	804
tiras	241
tiren	238
tires	169
tiria	1
tirio	1
tirol	1
tiron	1
tiros	364
tirro	1
tirso	1
tirte	1
tirua	1
tisco	1
tisis	1
tiste	1
titan	1
titar	1
titas	1
titea	1
titee	1
titen	1
titeo	1
tites	1
titil	1
titis	1
titos	1
tizas	1
tizna	1
tizne	1
tizno	1
tizon	1
tizos	1
tlaco	1
tlapa	1
toaba	1
toado	1
toais	1
toara	1
toare	1
toase	1
tobal	1
tobar	1
tobas	1
tobia	1
tobon	1
tocan	239
tocar	1817
tocas	368
tocen	1
toces	1
tocha	1
toche	1
tocho	1
tocia	1
tocio	1
tocon	1
tocte	1
todia	1
todos	46246
toeis	1
toesa	1
tofos	1
togan	1
togas	1
togue	1
togui	1
tojal	1
tojos	1
tolas	1
tolda	1
tolde	1
toldo	1
tolla	1
tollo	1
tolmo	1
tolon	1
tolva	1
toman	487
tomar	6672
tomas	1148
tomay	1
tomen	920
tomes	637
tomin	1
tomon	1
tomos	1
tonal	1
tonan	1
tonar	1
tonas	1
tonca	1
tondo	1
tonel	1
tonen	1
toner	1
tones	1
tonga	1
tongo	1
toñil	1
tonos	72
tonta	999
tonto	3655
topan	1
topar	1
topas	1
topea	1
topee	1
topen	1
topeo	1
toper	1
topes	1
topia	1
topil	1
topon	1
topos	1
toque	1230
toqui	1
toral	1
torax	1
torca	1
torce	1
torci	1
torco	1
torda	1
tordo	1
torea	1
toree	1
toreo	1
tores	1
torga	1
torgo	1
toril	1
torio	1
tormo	1
torna	39
torne	1
torno	130
toron	1
toros	117
torpe	274
torra	1
torre	1159
torro	1
torso	78
torta	246
torva	1
torvo	1
tosan	1
tosas	1
tosca	1
tosco	1
tosen	1
toser	38
toses	1
tosia	1
tosio	1
toste	1
tosto	1
total	1358
totem	1
totol	1
totos	1
tours	1
tovar	1
tovas	1
tozal	1
tozan	1
tozar	1
tozas	1
tozos	1
traba	55
trabe	1
trabo	1
traca	1
trace	30
traen	421
traer	1699
traes	799
trafa	1
traga	84
trago	1868
traia	1
traje	3289
trajo	1347
trama	127
trame	1
tramo	62
trapa	1
trape	1
trapo	122
traro	1
trata	5358
trate	607
trato	4586
travo	1
traza	1
trazo	1
trebo	1
trece	235
trefe	1
treja	1
trema	1
treme	1
tremi	1
tremo	1
trena	1
treno	1
trens	1
treos	1
trepa	42
trepe	1
trepo	1
treta	48
trial	1
trian	1
triar	1
trias	1
tribu	309
trice	1
trien	1
tries	1
triga	1
trigo	89
trile	1
trina	36
trine	1
trino	1
trios	1
tripa	46
tripe	1
tripi	1
trisa	1
trise	1
triso	1
trita	1
triza	1
trizo	1
troca	1
troce	1
troco	1
troja	1
troje	1
trola	1
trole	1
trols	1
trona	1
trone	1
trono	421
tropa	191
tropo	1
trota	1
trote	1
troto	1
trova	1
trove	1
trovo	1
troxs	1
troya	1019
troza	1
trozo	479
truca	1
truco	1004
trues	1
trufa	1
trufe	1
trufo	1
truja	1
trusa	1
trust	45
tuani	1
tubas	1
tubey	1
tubos	206
tucan	1
tucas	1
tucia	1
tucos	1
tucun	1
tudas	1
tudel	1
tueca	1
tueco	1
tueme	1
tuera	1
tuero	1
tufea	1
tufee	1
tufeo	1
tufos	1
tuina	1
tuits	1
tular	1
tulia	1
tulio	1
tulla	1
tulle	1
tulli	1
tullo	1
tulmo	1
tulpa	1
tulua	1
tulum	1
tuman	1
tumay	1
tumba	1169
tumbe	1
tumbo	1
tumor	233
tumos	1
tunal	1
tunan	1
tunar	1
tunas	1
tunca	1
tunco	1
tunda	1
tunde	1
tundi	1
tundo	1
tunea	1
tunee	1
tunel	73
tunen	1
tuneo	1
tunes	1
tunez	1
tunia	1
tunja	1
tunjo	1
tunta	1
tupac	60
tupan	1
tupas	1
tupen	1
tuper	1
tupes	1
tupia	1
tupin	1
tupio	1
tupir	1
tupis	1
turar	1
turas	1
turba	1
turbe	1
turbo	90
turca	33
turco	111
turen	1
turia	1
turma	1
turna	1
turne	1
turno	1309
turon	1
turpo	1
turra	1
turre	1
turro	1
turua	1
tusan	1
tusar	1
tusas	1
tusca	1
tusco	1
tusen	1
tuses	1
tuson	1
tutea	1
tutee	1
tuteo	1
tutes	1
tutia	1
tutla	1
tutor	126
tutsi	1
tuyas	376
tuyos	490
tweed	1
twist	41
uayma	1
ubala	1
ubate	1
ubeda	1
ubica	1
ubico	1
ubios	1
ubres	1
ucase	1
uebos	1
ufana	1
ufane	1
ufano	1
ufugu	1
ugres	1
ujier	1
ujule	1
ulaga	1
ulala	1
ulano	1
ulema	1
ulloa	1
ultra	74
ulula	1
ulule	1
ululo	1
umane	1
umari	1
umbra	1
umbro	1
umero	1
uñada	1
uñado	1
unais	1
uñais	1
unala	1
unale	1
unalo	1
unase	1
uñate	1
uñazo	1
uncen	1
unces	1
uncia	1
uncio	1
uncir	1
uncis	1
uneño	1
uñera	1
uñere	1
uñero	1
uñese	1
uñeta	1
unete	1
ungar	1
ungen	1
unges	1
ungia	1
ungio	1
ungir	1
ungis	1
unian	1
uñian	1
unias	1
uñias	1
unica	323
unico	497
unido	311
uñido	1
unila	1
unile	1
unilo	1
unime	1
union	136
unios	1
unira	1
uñira	1
unire	1
uñire	1
unite	1
unjan	1
unjas	1
uñosa	1
uñoso	1
untan	1
untar	1
untas	1
unten	1
untes	1
untos	1
uñudo	1
unzan	1
unzas	1
upaba	1
upado	1
upais	1
upara	1
upare	1
upase	1
upata	1
upeis	1
upupa	1
uraba	1
uraca	1
urama	1
urape	1
urato	1
urbes	1
urcos	1
urdan	1
urdas	1
urden	1
urdes	1
urdia	1
urdio	1
urdir	1
urdis	1
ureas	1
ureña	1
urgen	1
urges	1
urgia	1
urgio	1
urgir	1
urgis	1
urias	1
uribe	1
urica	1
urico	1
urjan	1
urjas	1
urnas	1
urpay	1
urrao	1
urubu	1
urucu	1
urudo	1
uruga	1
usaba	318
usada	163
usado	738
usais	1
usaje	1
usala	1
usale	1
usalo	1
usame	1
usara	90
usare	1
usase	1
useis	1
usela	1
usele	1
uselo	1
useme	1
usese	1
ushua	1
usier	1
usila	1
usina	1
usted	33388
usteo	1
usual	128
usura	1
usure	1
usuro	1
utero	1
utica	1
utils	1
uvada	1
uvate	1
uveas	1
uvera	1
uvero	1
uviar	1
uvita	1
uvito	1
uvula	1
uyuni	1
vacan	1
vacar	1
vacas	379
vacia	57
vacie	1
vacio	113
vacua	1
vacuo	1
vadea	1
vadee	1
vadeo	1
vades	1
vados	1
vafea	1
vafee	1
vafeo	1
vagan	1
vagar	76
vagas	1
vagon	1
vagos	100
vague	1
vahan	1
vahar	1
vahas	1
vahea	1
vahee	1
vahen	1
vaheo	1
vahes	1
vahos	1
vaida	1
vaina	77
vajea	1
vajee	1
vajeo	1
valar	1
valen	256
valer	106
vales	158
valet	95
valga	160
valgo	67
valia	1
valio	1
valla	157
valle	545
vallo	1
valls	1
valon	1
valor	1859
valsa	1
valse	1
valso	1
valss	1
valua	1
value	1
valuo	1
valva	1
vamos	77603
vanea	1
vanee	1
vaneo	1
vanos	1
vapor	201
vaque	1
varal	1
varan	1
varar	1
varas	1
varea	1
varee	1
varen	1
vareo	1
vares	1
varga	1
varia	64
varie	1
vario	1
variz	1
varon	1
vasar	1
vasas	1
vasca	1
vasco	1
vasos	211
vasta	53
vasto	46
vater	1
vates	1
vatio	1
vayan	2406
vayas	2648
veais	1
vecen	1
veces	12612
vedan	1
vedar	1
vedas	1
veden	1
vedes	1
vedia	1
vegas	863
veian	1
veias	1
veira	1
vejan	1
vejar	1
vejas	1
vejen	1
vejes	1
vejez	70
velan	1
velar	37
velas	539
velay	1
velen	1
veles	1
velez	1
velis	1
veliz	1
vello	54
velon	1
velos	1
veloz	298
vemos	4715
venal	1
venas	331
vence	88
venci	1
venda	226
vende	531
vendi	1
vendo	271
venga	6201
vengo	1504
venia	119
venir	7284
venis	1
venta	716
vente	47
vento	1
venus	113
venza	1
venzo	1
veran	63
veras	5168
veraz	1
verba	1
verbo	1
verde	1711
verga	169
verge	1
veria	35
veril	1
verja	30
verme	1845
vermu	1
veros	92
versa	1
verse	270
verso	54
verti	1
vespa	39
veste	1
vesti	1
vetan	1
vetar	1
vetas	1
vetea	1
vetee	1
veten	1
veteo	1
vetes	1
veton	1
vetos	1
vezan	1
vezar	1
vezas	1
viada	1
viaja	262
viaje	3934
viajo	109
viale	1
vials	1
viani	1
vibra	41
vibre	1
vibro	1
vicar	1
vicco	1
vicha	1
viche	1
vichi	1
vicho	1
vichy	1
vicia	1
vicie	1
vicio	81
vicky	196
victo	1
vidal	1
video	1259
vidia	1
vidon	1
vidro	1
vieja	2118
viejo	8410
viene	8002
viera	418
viere	1
viesa	1
viese	40
vigas	47
vigia	1
vigie	1
vigio	1
vigor	71
vijal	1
vijes	1
vilca	1
villa	421
ville	1
vilos	1
vimos	1095
viñac	1
vinal	1
vinar	1
viñas	1
vinca	1
vinco	1
vindi	1
vinos	211
vinta	1
vinto	1
viola	88
viole	30
violo	1
viota	1
viral	60
viran	1
virar	43
viras	1
viren	1
vireo	1
vires	1
virgo	1
viril	1
virio	1
virol	1
viron	1
virus	1111
visan	1
visar	1
visas	32
visco	1
visea	1
visee	1
visen	1
viseo	1
vises	1
visir	1
vison	1
visor	44
visos	1
vista	2980
viste	4081
visto	13428
vital	291
vitan	1
vitar	1
vitas	1
viten	1
vites	1
vitis	1
vitoc	1
vitor	1
vitre	1
viuda	252
viudo	1
vivac	1
vivan	106
vivar	1
vivas	317
vivaz	1
viven	942
vives	1113
vivez	1
vivia	36
vivio	1
vivir	5750
vivis	1
vivon	1
vivos	1253
voace	1
vocal	67
vocea	1
vocee	1
voceo	1
voces	406
vodca	1
vodka	351
voila	32
volar	2054
volas	1
volco	1
volea	1
volee	1
voleo	1
voley	1
volon	1
volts	1
volvi	31
volvo	60
vomer	1
voraz	1
vosea	1
vosee	1
voseo	1
votan	36
votar	186
votas	1
voten	131
votes	1
votos	355
votri	1
vozna	1
vozne	1
vozno	1
vudus	1
vuela	528
vuele	118
vuelo	2401
vuesa	1
vueso	1
vulgo	1
vulto	1
vulva	1
vusco	1
wanda	130
watts	90
weber	31
wifis	1
wolff	69
world	273
xenon	1
xichu	1
xinca	1
xiote	1
xitla	1
xokas	1
yabas	1
yacal	1
yacas	1
yacen	31
yacer	1
yaces	1
yacia	1
yacio	1
yacon	1
yacus	1
yagan	1
yagas	1
yagua	1
yaiti	1
yales	1
yamao	1
yambo	1
yambu	1
yamon	1
yampa	1
yanac	1
yanas	1
yañez	1
yanga	1
yanta	1
yante	1
yanto	1
yapan	1
yapar	1
yapas	1
yapen	1
yapes	1
yaque	1
yaqui	1
yarda	34
yarey	1
yatai	1
yatay	1
yates	38
yatra	1
yauca	1
yauli	1
yauya	1
yaveo	1
yayos	1
yazca	1
yazco	1
yazga	1
yazgo	1
yebos	1
yecla	1
yecos	1
yedgo	1
yedra	1
yegua	143
yelgo	1
yelmo	1
yemas	1
yemen	1
yendo	1257
yente	1
yeral	1
yerba	35
yerga	1
yergo	1
yerma	1
yerme	1
yermo	1
yerna	1
yerno	54
yeros	1
yerra	1
yerre	1
yerro	1
yersi	1
yerta	1
yerto	1
yervo	1
yesal	1
yesar	1
yesca	1
yesid	1
yeson	1
yesos	1
yezgo	1
yidis	1
yihad	1
yodan	1
yodar	1
yodas	1
yoden	1
yodes	1
yodos	1
yogar	1
yogui	1
yogur	1
yolox	1
yonan	1
yondo	1
yopal	1
yoqui	1
yotao	1
yucal	1
yucas	1
yucay	1
yucpa	1
yugos	1
yumba	1
yumbo	1
yunga	1
yunta	1
yunto	1
yupan	1
yuras	1
yurua	1
yutes	1
yuyal	1
yuyos	1
zabra	1
zabro	1
zacea	1
zacee	1
zaceo	1
zafan	1
zafar	1
zafas	1
zafen	1
zafes	1
zafia	1
zafio	1
zafir	1
zafon	1
zafra	1
zafre	1
zagal	1
zagas	1
zagua	1
zahen	1
zahon	1
zaida	1
zaina	1
zaino	1
zajon	1
zalba	1
zalbo	1
zalea	1
zalee	1
zaleo	1
zalla	1
zalle	1
zallo	1
zamba	1
zambo	1
zampa	1
zampe	1
zampo	1
zanca	1
zanco	1
zanga	1
zanja	94
zanje	1
zanjo	1
zapan	1
zapar	1
zapas	1
zapea	1
zapee	1
zapen	1
zapeo	1
zapes	1
zaque	1
zarbo	1
zarca	1
zarco	1
zarda	1
zarja	1
zarpa	1
zarpe	1
zarpo	1
zarza	1
zarzo	1
zasca	1
zatas	1
zayas	1
zebra	43
zedas	1
zegri	1
zeina	1
zejel	1
zenda	1
zendo	1
zenit	1
zenon	1
zetas	1
ziper	1
zocan	1
zocar	1
zocas	1
zoclo	1
zocos	1
zofra	1
zoilo	1
zoizo	1
zolle	1
zomas	1
zombi	64
zomos	1
zompa	1
zompo	1
zonal	1
zonas	183
zonda	1
zonta	1
zonto	1
zonza	1
zonzo	1
zopas	1
zopos	1
zoque	1
zorra	545
zorro	217
zotal	1
zotes	1
zotol	1
zuavo	1
zubia	1
zudas	1
zueca	1
zueco	1
zuela	1
zuiza	1
zulia	1
zulla	1
zulle	1
zullo	1
zumba	1
zumbe	1
zumbo	1
zumos	1
zuñan	1
zuñas	1
zuñen	1
zuñes	1
zungo	1
zuñia	1
zuñir	1
zuñis	1
zunza	1
zupia	1
zurba	1
zurce	1
zurci	1
zurda	31
zurde	1
zurdi	1
zurdo	144
zurea	1
zuree	1
zureo	1
zuros	1
zurra	1
zurre	1
zurri	1
zurro	1
zurza	1
zurzo	1
zuzar	1
zuzon	1
